No,Tgl_Iklan,url,harga,Kota,LT,LB,KT,KM,KTP,KMP,carport,garasi,listrik,surat,judul,deskripsi
1,02-03-2021,https://www.rumah123.com/properti/bekasi/hos7964827/,2750000000,Bekasi,162,179,4,3,1,1,2,1,2200,SHM,RUMAH MAPLE Summarecon Bekasi JARANG ADA lebar 9 PREMIUM TERMURAH CASH/KPR,"RUMAH MAPLE Summarecon Bekasi JARANG ADA lebar 9 PREMIUM TERMURAH CASH/KPR

cluster MAPLE
Summarecon Bekasi

LT. 162m (9X18)
LB. 179m
4+1 KT 3+1 KM
2Lt 2 carport 1 garasi
hadap selatan
Lebar 9 premium JARANG ADA
dekat Clubhouse dekat Pos Satpam

Fasilitas dalam cluster :
- Sistem Cluster one gate system dengan security 24jam
- Swimming Pool Anak Dewasa
- Private Club House
- Taman dalam cluster
- Children Playground
- Jogging Track

Fasilitas sekitar kawasan:
- Aneka Sekolah
- Aneka RS : Mitra Keluarga, Hermina, Anna Medika, Awal Bros, dll
- Akses Tol Bekasi Barat dan JORR
- Fly Over KH. Noer Ali
- Dekat Stasiun Bekasi
- Dll.

Harga Rp. 2.750.000.000 nego

SURVEY SEKARANG
MARIA
ERA EXPERT
08788 111 15 88"
2,02-03-2021,https://www.rumah123.com/properti/bekasi/hos4346308/,1850000000,Bekasi,119,126,2,2,0,0,1,1,2200,HGB,RUMAH Cluster BLUEBELL@Summarecon Bekasi Dekat Cash/KPR,"RUMAH Cluster BLUEBELL @ Summarecon Bekasi Dekat Cash/KPR

Cluster BLUEBELL
Summarecon Bekasi
Bekasi Utara

LT. 119m (7x17)
LB. 106m
KT 2 KM 2 2Lantai
hadap Utara 2200W
1 carport berkanopi 1 garasi
Dapur sudah ada atap dan difloor

CASH / KPR Dibantu TUNTAS

Fasilitas dalam cluster :
- Sistem Cluster one gate system dengan security 24jam
- Swimming Pool Anak Dewasa
- Private Club House
- Taman dalam cluster
- Children Playground
- Jogging Track

Fasilitas dalam kawasan :
- Sekolah BPK Penabur Al Azhar
- Aneka Kursus mulai dari YAMAHA, Purwacaraka, English First, Wishing Star, dll. - Bank BCA, Mandiri, BNI, BTN, BRI, Permata, NISP, dll lengkap - SINPASA Pasar Bersih Modern
- Pusat Kuliner La Terazza, Downtown Walk, dll
- Aneka Restaurant seperti Mang Engking, McDonald, Seribu Rasa, Karnivor, Richeese Factory, Abuba, Bakmi GM, Baso Boedjangan, Sate Taichan, Dunkin Don"
3,05-03-2021,https://www.rumah123.com/properti/bekasi/hos7316459/,825000000,Bekasi,128,65,3,2,0,0,1,0,2200,SHM,"Rumah Anti Virus, 3 Kamar, dekat waterpark, Strategis di Jatiasih Kota Bekasi","Rumah Anti Virus *, 3 Kamar, Strategis di Jatiasih Kota Bekasi *Dalam sebuah penelitian yang dilakukan di Jepang dan ditayangkan oleh stasiun televisi NHK (lihat postingan di FB saya, Kelly Bangun Setiadi), ruangan dengan sirkulasi udara yang baik terbukti bisa meminimalisir penyebaran virus via micro droplet. Rumah yang sehat yaitu rumah yang setiap ruangnya mempunyai bukaan dan sirkulasi udara yang baik. Bait 5 Konsep Proyek Bait 5 Nyaman - Unik - Hijau - Berkualitas - Strategis Tipe 65 tanah 128m2 Rumah baru 3 kamar tidur, 2 kmr mandi di komplek Asabri Jatiasih - Ruang Tamu, Keluarga dan Makan - Ada taman belakang dan depan - Memberi bukaan lebar untuk view dan sirkulasi rumah sehat - Jalan muat 2 mobil - Akses strategis, tol bisa"
4,05-03-2021,https://www.rumah123.com/properti/bekasi/hos7889128/,3450000000,Bekasi,224,260,4,4,1,0,1,0,2200,SHM,Rumah Mewah Siap Huni di Jaka Permai Bekasi,"DIJUAL & SIAP HUNI : Dijual Rumah di Perum Jaka Permai Bekasi Barat


Spesifikasi Bangunan.

Luas tanah : 224 m2

Luas bangunan : 260 m2

Bangunan 2 lantai.

Lantai atas :

1 kamar tidur utama

Plus kamar mandi

3 kamar tidur

1 gudang

1 kamar mandi

Lantai bawah:

1 kamar tidur pembntu

2 kamar mandi

1 kithcen set

1 dapur

@ Harga : 3.450M ( masih bisa nego )

@ Keluar komplek Perum Jaka Permai bisa langsung akses masuk jl Tol Becakayu dng pilihan keluar Jatiwaringin atau Halim serta Jatinegara , juga dekat ke Toll JORR dan Bekasi Barat serta RS Awal Bros dan Sekolah dan Mesjid Al Azhar dan juga ada Gereja GPIB didlm komplek Jaka Permai"
5,08-03-2021,https://www.rumah123.com/properti/bekasi/hos7525824/,700000000,Bekasi,77,50,3,2,0,0,1,0,2200,SHM,Hunian Cantik nan Asri NUCIFERA RESIDENCE,"MILIKI HUNIAN CANTIK DESAIN MENARIK HATI

*NUCIFERA RESIDENCE*
Juaranya .. hanya 2 km dari pintu tol jatiwarna yang kurang lebih 7 - 10 menit.

Asiiiik bener kan.

Nucifera Residence berlokasi di Jatiwarna, Jatiasih, Kota Bekasi.

Diapit oleh 3 Akses Tol :
- Tol Jatiwarna
- Tol Jatiasih
- Tol Cikunir

Sehingga sangat memudahkan Anda ke arah Jakarta dan Bogor yang jarak tempuhnya hanya sekitar 30 menit saja dari Nucifera Residence.

SELLING POINT :

- Akses mudah & Strategis
- Harga Terbaik

- Dekat Fasilitas Umum dan Pendidikan
- Bangunan Premium
- Suasana & Lingkungan Asri.
SFESIFIKASI TERBAIK & BERKULITAS :
> Struktur Besi Bertulang
> Pondasi Cakar Ayam
> Dinding Hebel Plester Aci
> Kusen Alumunium
> Pintu Panel Finishing Melamin/Plitur
> Lantai 6060 Kualitas No. 1 Ex. Granito
> Kamar Mandi Keramik + Closet Duduk Ex. Toto
> Atap Baja Ringan
> Genteng Beton Flat, ex Maleo
> Plafo"
6,10-03-2021,https://www.rumah123.com/properti/bekasi/hos7846634/,1100000000,Bekasi,81,144,3,2,1,1,1,0,2200,SHM,Rumah Minimalis Siap Huni Murah dan Strategis di Jalan Ratna Jatibening,"Spesifikasi :
SHM + IMB
LB : 140 m2
LT : 81 m2
KT : 4 (3+1)
KM : 3 (2+1)
Perabotan : Unfurnished
Listrik : 2200 Watt
Carport : 1
Berapa Lantai :2
Sumber Air : JetPump
Bebas Banjir ? : Ya

Keunggulan :

One Gate system
50 Meter dari Jl. Raya Ratna
10 Menit ke tol jati bening
10 Menit ke tol jatiasih
15 Menit ke tol Jatiwarna
15 Menit ke tol becakayu
Dekat dengan pasar tradisional
Dekat dengan SPBU Ratna
Dekat dengan tempat ibadah

Meeting Point :
SPBU Ratna jatibening (3)

Harga : Rp 1,1 M

Hubungi :
DediA 081213143168"
7,12-03-2021,https://www.rumah123.com/properti/bekasi/hos7477947/,1925000000,Bekasi,144,157,3,3,1,1,2,0,2200,SHM,Rumah brand new 2lt 8x18 144m Type 3+1KT di Cluster Asera HI Harapan Indah Bekasi,"Rumah brand new 2lt 8x18 144m Type 3+1KT di Cluster Asera HI Harapan Indah Bekasi

Rumah brand new dan sudah renoved dicluster Asera harapan indah bekasi
Bangunan 2 lantai,
Luas tanah : 144m
Dimensi : 8x18
Luas bangunan : 157m
Kamar Tidur : 3+1
Kamar Mandi : 3+1
Listrik : 2200
Hadap : Utara
Air : PAM
Carport : 2
Sertifikat : SHM (sertifikat hak milik)

Harga jual : 1.925M bisa KPR kami bantu

More Info:
Devi
No. HP WA : 085888837788
Direct WA : https://api.whatsapp.com/send?phone=6285888837788
Call center : 087777886699
RE/MAX Premier JGC
LA"
8,13-03-2021,https://www.rumah123.com/properti/bekasi/hos8012754/,471000000,Bekasi,72,40,2,1,0,0,1,0,1300,SHM,"Hunian Asri Dalam Cluster Di Bekasi Utara, Dekat Stasiun Bekasi.","Rumah cluster minimalis dekat summarecon di kebalen Bekasi Utara

Spesifikasi

LT : 72 m

LB : 40 m

Kamar tidur: 2

Kamar mandi: 1

Carport : 1

Listrik : 1300W

bangunan kokoh kualitas terbaik berikut:

- Pondasi Batu kali

- Dinding Hebel

- Rangka atap baja ringan

- lantai granit

Fasilitas terbaik :

- One Gate System Security 24 jam plus CCTV

- Musholla

Selling point:

- Dekat dengan pusat perbelanjaan (ex Giant wisma asri)

- Akses : 15 menit dari stasiun bekasi

- 10 menit ke Harapan Indah

- 5 menit masjid pesantren At taqwa ujung harapan

- 10 menit ke summarecon bekasi

- 10 menit Polsek Babelan

Sgi.



Harga. Rp. 471 Juta.

Info selanjutnya hubungi: AFRI

085717807787

082261175825"
9,14-03-2021,https://www.rumah123.com/properti/bekasi/hos8030745/,965000000,Bekasi,65,80,3,2,1,1,2,0,2200,SHM,Cluster Baru Eksklusif di Jatiwaringin Pondok Gede Bekasi,"Rumah Cluster Eksklusif dekat Jalan Raya Jatiwaringin Pondok Gede Bekasi
Cluster ready, LIMITED STOCK !
sisa 3 unit lg.

Harga TERMURAH di kawasannya.
Bangunan kokoh, siap huni
jalan dalam cluster lebar
Sangat aman, nyaman utk terima tamu.

Carport 2 mobil
Listrik 2.200 Watt
Rumah cuci jemur, ruang gosok
Ada void, sirkulasi cahaya udara sangat baik
Taman depan
Surat SHM lengkap

Lt.65/ Lb.80
Kt 3 / km 2
HARGA Rp 965 JUTA

HOOK
Lt.83/Lb.110
Kt 3+1
Km 2+1
Harga Rp 1,545 M

Bebas banjir
Lokasi strategis
Dekat ke Tol Jati Waringin, LRT, Tol Becakayu, Kalimalang
Kawasan ramai
Dekat ke jalan Raya jalur angkot
Dekat mesjid,
Dekat sekolah favorit mulai TK, SD, SMP, SMA, Universitas.
Dekat Universitas Asy Syafiiyah, Univ Krisnadwipayana
Dekat Macdonald, Richeese,
Dekat RS, Dekat ke Bandara Halim Perdanakusuma, Royalle Jakarta Golf,
Dekat ke Mall Pondok Gede, Cipinang Mall
Dekat ke Pondok Bambu, Duren Sawit dan sekitarnya.

Mepo : Macdonald Jati Waringin
Minat Survey hubungi:
Vina(et)
HP/WA: 085777477753"
10,15-03-2021,https://www.rumah123.com/properti/bekasi/hos7974945/,2800000000,Bekasi,216,200,4,4,1,1,1,1,2200,SHM,cepat rumah hook type premium di blue bell Summarecon bekasi,"Dijual cepat
Rumah hook termurah siap huni di cluster blue bell Summarecon Bekasi
Hunian aman nyaman dan asri
Keamanan one gate sistem

Type premium
Luas tanah 216
Bangunan 200
Kamar tidur 4+1
Kamar mandi 4+1
PLN 2200
PAM
SHM

Bisa di bantu proses KPR mudah cepat dan sampai tuntas

Hub Susi ERA Sky harapan indah"
11,16-03-2021,https://www.rumah123.com/properti/bekasi/hos8001265/,300000000,Bekasi,60,42,2,1,0,0,1,0,1300,SHM,Rumah Minimalis 20 Meter ke Jalan Raya Cikarang Cibarusah,"Miliki Segera Rumah Minimalis Lokasi Strategis di Cikarang Bekasi


Subsidi Cicilan Selama 1th
Ditambah:
Gratis Biaya KPR
Gratis BPHTB
Gratis Biaya Notaris
Gratis Biaya asuransi
Gratis Biaya Appraisal
Surat-surat (SHM,IMB)

Lokasi :
-hanya 20 meter ke Jalan Raya Cikarang- Cibarusah
-Angkutan Umum 24 Jam
-Dekat tempat ibadah,sarana pendidikan,sarana Kesehatan,Sarana Pemerintahan
-15 menit ke Kawasan Industri
-15 menit ke Lippo Cikarang
-20 menit ke Tol Cikarang Barat


Promo khusus Awal Tahun cukup booking 3Juta sudah All in + Gratis Biaya-Biaya
(Gratis Biaya KPR,Asuransi,BPHTB, Notaris,Apraisal)

Spesifikasi bangunan :
-Pondasi Batu kali
-Struktur beton bertulang
-Rangka atap :baja ringan
-Lantai : granit 60x60
-Kusen : kayu meranti
-Genteng : metal berpasir
-Plafon: Gipsum, rangka holow
-Listrik :1300
-Air : sumur bor

manfaatkan kesempatan menarik ini untuk Bpk/Ibu"
12,24-03-2021,https://www.rumah123.com/properti/bekasi/hos8071256/,798000000,Bekasi,70,90,3,2,0,0,1,0,2200,SHM,rumah baru bebas banjir di Jati asih Bekasi,"Cluster baru siap huni Terbatas Hanya 5 Unit di Jatiasih Bekasi



Spesifikasi :
luas bangunan 90 m2
luas tanah 70 m2
3 kamar tidur
2 kamar mandi
taman
1 carport
listrik 2200

Lokasi strategis
10 menit tol jatiasih
10 menit kawasan Comersil ( KFC,MCD,JCO,Pizza Hut,Dll )
5 Menit Kota Cinema Mall
20 menit transpark cibubur
15 menit jatiwarna
5 menit ke puri gading
200 Meter ke Puskesmas"
13,25-03-2021,https://www.rumah123.com/properti/bekasi/hos7802298/,1000000000,Bekasi,80,104,2,1,0,0,1,0,2200,SHM,Rumah Harapan Baru Bekasi Barat,"Rumah Dijual Harapan Baru 1

LT : 104
LB : 80
KM : 1
KT : 2
Hadap : Selatan
listrik : 2.200
Air : Sumur tanah ( jet pup )

Lokasi stategis :
Dekat stasiun cakung
Dekat terminal pulo gebang
Dekat pasar tradisional
Dekat pintu tol JOOR Pulo Gebang dan Bintara
BEBAS BANJIR

Harga : Rp 1.000.000.000,- ( Nego )"
14,25-03-2021,https://www.rumah123.com/properti/bekasi/hos8074489/,2300000000,Bekasi,144,111,3,2,0,0,1,0,2200,SHM,Rumah Siap Huni Sudah Renovasi di Cluster Burgundy Summarecon Bekasi,"Dijual rumah hooek 2 lantai hadap Selatan siap huni di Cluster Burgundy Summarecon Bekasi lokasi strategis bebas banjir dekat dengan Summarecon Mall Bekasi, Pasar Modern Sinpasa, Ruko Sinpasa dan Emerald, Sekolah Kristen BPK Penabur, Sekolah Islam Al Azhar menyusul Universitas Binus, Apartemen Springlake, Hotel Haris, Bursa Mobil, hanya 10 menit menuju akses Tol Bekasi Barat, RS. Mitra keluarga Bekasi Barat dan RS. Hermina. Cluster Burgundy yang dilengkapi dengan Fasilitas seperti Club House, Kolam Renang, Panel Surya, Arena Bermain Anak, Keamanan 24 Jam, Internet Broadband, Panic Button, TV Cable dan Shuttle Bus."
15,26-03-2021,https://www.rumah123.com/properti/bekasi/hos7945961/,1050000000,Bekasi,89,80,3,2,0,0,2,0,2200,SHM,PROMO RAMADHAN CLUSTER BARU di JATIBENING BEKASI,"PROMO RAMADHAN CLUSTER BARU 2 LANTAI KOKOH, MINIMALIS MODERN

Luas tanah mulai 89
Luas bangunan 80
KT 3/ KM 2
PLN 2.200
Taman depan samping
Carport 2 mobil
Surat-surat lengkap SHM IMB
Jalan 2 mobil

Dekat tol Jatibening,sentra kota
Dekat SPBU
Dekat RS Masmitra
Kuliner banyak, perkantoran dll
Dekat klinik 24jam
Dekat Superindo,Giant
Dekat Curug, Kalimalang, LRT, tol Becakayu
Kawasan ramai tapi aman,nyaman, asri

Mulai harga Rp 1,050,000,000 (sebelumnya Rp 1.075 M)

Jika Cash FREE BIAYA2
Dan BONUS AC 2 unit atau KANOPI

Jika KPR FREE BPHTB dan BONUS AC 2 unit atau KANOPI

Info lebih lanjut hubungi:
Vina(et)
HP/WA: 085777477753

MePo: SPBU Kemang sari"
16,26-03-2021,https://www.rumah123.com/properti/bekasi/hos7815660/,1767000000,Bekasi,119,120,3,2,0,0,1,0,2200,SHM,"Pemilik Langsung, Rumah Summarecon Bekasi, Cluster Palm, Renov","Pemilik Langsung, Pindah Kerja, Dijual Summarecon Bekasi, Cluster Palm, Full Renov, Bisa dibantu KPR.

LT : 119
LB : 120
KT : 3
KM : 2
Posisi : Hadap Selatan,
Listrik : 2,200
IPL : 400rb an - 500rb an (termasuk air),
Air bersih : WTP Summarecon,

Hub Pemilik : +62 812-8320-7018

Fasilitas Kawasan Elite :
- 24 Jam Security Cluster, Club Couse, Kolam Renang, Jogging Track, Kawasan asri dan hijau, Pasar Modern Sinpasa, Akses Toll Bekasi Barat, Toll Becakayu, Stasiun Bekasi, Mall Summarecon, Mall Metropolitan,

- Pusat Bisnis, Pusat Kuliner, Sekolah Al-Azhar, BPK Penabur, Universitas Binus, RS Mitra Keluarga, RS.Awal Bros, RS.Hermina, Sarana Ibadah, Serta Fasilitas Pemerintahan Kota Bekasi lainnya."
17,26-03-2021,https://www.rumah123.com/properti/bekasi/hos2279368/,700000000,Bekasi,92,82,3,2,0,0,2,0,2200,SHM,MODERN HUNIAN NYAMAN DENGAN FASILITAS LENGKAP DAN HARGA TERJANGKAU,"Glasshouse Residence Cluster Mewah 2 lantai Harga terjangkau. 5 Menit Tol Jatiasih. Spesifikasi :

Pondasi : Cakar Ayam

Dinding : Pasangan Hebel Plester/Finishing Catylac

Lantai : Granite UK 60x60

Atap : Rangka baja ringan

Plafond : Gypsum

Genteng : Plat Beton

Kusen : Alumunium

Daun pintu : Rangka Kayu + HPL

Sanitari : Kloset wastafel American Standard

Garasi : 2 Mobil



Selling Point :

1. Dekat Pintu Tol Jatibening,

2 .Dekat Pntu Tol Jatiasih

3. Dekat Pintu Tol JOR

4. Dekat Pintu Tol BECAKAYU

5. Dekat SPBU Jatiasih

6. Dekat Minimarket Supermarket

7 .Dekat Dengan Mall Grand Metropolitan

8. Dekat Dengan Mall Metropolitan

9. Dekat Dengan Mega Bekasi

10.Dekat Dengan Bekasi Cyber Park

11. Dekat Dengan pasar JatiAsih

12.Dekat Dengan RS Cikunir RS Hermina

13 Fasilitas Keamanan 24 Jam

14.Fasilitas Lengkap dalam perumahan



Hubungi Segera untuk Jadwal Survey:

Toro ( Marketing Office )

0813 8063 5895

0857-17753240

Instagram : galahumaproperti"
18,30-03-2021,https://www.rumah123.com/properti/bekasi/hos8100171/,1214000000,Bekasi,92,100,3,3,0,0,1,0,2200,SHM,"Townhouse Exclusive Murah dekat Mabes TNI Cilangkap akses tol Jatiwarna Bekasi siap huni Rp 1,2 Milyar","Bismillaah,                                                                        
                                                                        
Rumah 2 lantai konsep Town house dalam cluster private exclusive siap huni. Bangunan kokoh spek PREMIUM. TIDAK BANJIR di timur Jakarta                                                                        
                                                                        
Harga Normal Rp 1.213.600.000                                                                        
DISKON Rp 50 Jt                                                                        
Tersedia skema cash bertahap tenor 2 tahun                                                                        
                                                                        
BONUS :                                                                        
- Canopy carport                                                                        
- Water Heater dan AC                                                                        
- Kitchen set                                                                        
- Taman dan Lampu Taman                                                                        
- IMB                                                                        
- Instalasi Listrik, Air (pompa, water torn)                                                                        
                                                                        
Fasilitas :                                                                        
- One gate, pos keamanan, CCTV lingkungan                                                                        
- Taman bermain                                                                        
- Area parkir tamu                                                                        
- Jalan cor beton lebar                                                                        
                                                                        
Akses :                                                                        
0+ Km ke SDIT Al Ikhlas Pondok Melati                                                                        
1+ Km ke Superindo Ujung Aspal                                                                        
1+ Km ke Samsat Pondok Melati                                                                        
2+ Km Sekolah Alam Bekasi                                                                        
2+ Km ke pintu tol Jatiwarna                                                                        
2+ Km ke Sekolah ACS Jakarta                                                                        
3 Km ke Sekolah Islam Nailufar                                                                        
3 Km ke Univ. Mercu Buana                                                                        
3+ Km ke Sekolah Cikal Amri                                                                        
3+ Km ke RS. Jatisampurna                                                                        
4+ Km ke RS. Jatirahayu                                                                        
6+ Km ke Mabes TNI Cilangkap                                                                        
6+ Km ke RS. Adhyaksa                                                                        
                                                                        
Harga belum termasuk biaya-biaya pajak                                                                        "
19,30-03-2021,https://www.rumah123.com/properti/bekasi/hos8087885/,2500000000,Bekasi,144,157,3,3,1,1,0,0,2200,HGB,"Rumah Mewah Full Furnished di Cluster Asera, Harapan Indah, Bekasi","Rumah Full Furnished di Cluster Asera One South Harapan Indah, Bekasi.

Spesifikasi:

Bangunan 2 lantai

Lt 144 m2; Lb 157 m2

KT 3+1, KM 3+1

Listrik 2200 watt, Air Pam

Hadap Utara

SHM

Fasilitas yg ditinggal:

- AC

- Water Heater

- Kulkas

- Microwafe

- Kitchen Set

Rp 2.5 M

Bisa KPR. Please contact Mutia for more info."
20,30-03-2021,https://www.rumah123.com/properti/bekasi/hos8047715/,875000000,Bekasi,90,53,2,1,0,0,1,0,1300,SHM,Rumah rapi di Cluster Harmoni Harapan Indah Bekasi,"Dijual Rumah Cluster Harmoni Harapan Indah Bekasi
Depan taman
Rumah rapi

Untuk survey rumah bisa menghubungi:
Jimmy
ERA Sky
082211751132"
21,30-03-2021,https://www.rumah123.com/properti/bekasi/hos8096568/,780000000,Bekasi,90,90,2,2,0,0,1,0,3500,HGB,"Rumah Villa Indah Permai, Bekasi","Dijual Rumah Villa Indah Permai, Bekasi

Lt. 90
Lb.90
Kt.2
Km.2
Listrik 3500watt
PAM
Toren 2
Harga 780 jt

#ylmel

Hub: IING 0882-1094-7399"
22,30-03-2021,https://www.rumah123.com/properti/bekasi/hos8101356/,375000000,Bekasi,72,36,2,1,0,0,1,0,1300,SHM,Cukup 10 jt punya rumah modern tanah luas bangunan bata merah 100%bebas banjir,"Rumah baru desain Cantik Masa kini di Cimuning Bekasi Timur



Launcing Harga Perdana 375 jt an*

Unit Terbatas

Hanya 36 unit



Promo Terbatas Khusus NUP

Dapatkan NUP ( Nomor Urut Pembelian ) Sekarang

Gratis BPHTB

Gratis AJB Balik Nama

Gratis Biaya KPR*



Promo KPR

Total DP Hanya 10jt an*

Cicilan Mulai 2,7 jt an*



Hanya 10 menit ke pintu tol Grand wisata

Ke Sekolah Negri dan Swasta hanya 5 menit

Cukup jalan kaki ke mesjid

Sarana lapangan badminton dan Taman Hijau



Luas Tanah 72m

Luas bangunan 36m

Spek material terkini high quality

rangka baja/gypsum/closet duduk/genteng plat beton

lantai Granit 60x60



Spesifikasi :

2 kamar tidur

1 kamar mandi

Taman 3x4 meter

1 carport

listrik 1300

mesin air + toren

taman dalam cluster

row jalan lebar

gerbang cluster One Gate system"
23,30-03-2021,https://www.rumah123.com/properti/bekasi/hos8096535/,435000000,Bekasi,60,40,2,1,0,0,1,0,1300,SHM,special promo menyambut ramadhan rumah minimalis siap huni di wisma asri 2,"Bebas Banjir
SPECIAL PROMO Menyambut Ramadhan 1442H

Rumah Minimalis *Wisma Asri 2*
Teluk Pucung, Bekasi Utara - Kota Bekasi

Spesifikasi :
- SHM
- LT 60 M2
- LB +/- 40 M2
- Ruang tamu
- 2 Kamar tidur
- 1 Kamar Mandi
- Tempat cuci jemur
- Dapur
- Air sumur jetpump + Torn air 500lt
- Listrik 1300 watt (abudemen)
- Carport 1 mbl
- Jalan dpn rmh bs 2 mbl
- *Harga Normal Rp. 500jt*
- *Harga promo Cash Rp. 435jt*
- *Harga promo KPR Rp. 450jt*
- Pajak masing & Notaris pembeli

Keunggulan Utama :
* Rmh bener2 siap huni
* Rmh Model Minimalis
* Sangat cocok untuk Kaum Milenial
* Bangunan baru dari nol
* Jalan depan rmh luas bs 2 mbl
* Tata ruang apik shg tata udara bagus
* Tinggi plafond 4m shg lbh adem
* Rmh 1 lantai tp konstruksi 2 lantai
* Septik tank kedalam 1,5m
* Ada bak kontrol dibawah cucian piring untuk kontrol jika mampet

Keunggulan Tambahan
- Dekat ke RS Awal Bross
- Dekat pusat kuliner (KFC d"
24,30-03-2021,https://www.rumah123.com/properti/bekasi/hos8101317/,1400000000,Bekasi,108,129,3,3,1,1,1,0,2200,SHM,Turun Harga Rumah Townhouse Mewah Sisa 2 Caman Jatibening BU,"Townhouse mewah dan murah, Berlokasi strategis di perbatasan Jakarta dan Bekasi. Bertempat di jl.caman Jatibening. Selangkah ke TOL becak kayu.
Spesifikasi :
SHM + IMB

Type :
Kav C
Lt/Lb : 85m/115m
Harga : 1,3M

Kav E
Lt/Lb : 108m/129m
Harga : 1,4M

KT : 3+1
KM : 3+1
PLN : 2.200 watt
Air : jetpump

Selling point :
Dalam cluster
Dekat tol becak kayu
Dekat tol pondok kelapa
Dekat pusat perbelanjaan
Bebas banjir"
25,30-03-2021,https://www.rumah123.com/properti/bekasi/hos8101304/,400000000,Bekasi,60,36,2,1,0,0,1,0,1300,SHM,Rumah Cluster Baru Paling Laku Jatimurni Pondok Melati Bekasi dkt tol dan Jaktim,"Miliki Hunian Nyaman Asri Jatimurni Pondok Melati Dekat Jakarta Timur Cicil Developer sampai 5 Tahun Tanpa Bunga.

Unit Terbatas : 23 Unit
SOLD 16 UNIT

Spesifikasi :
L Bangunan : 36 m2
L Tanah : 60 m2
K Tidur : 2
K Mandi : 1
Taman Depan dan Belakang

Legalitas : Clear bisa KPR
Kondisi Bangunan : Baru
Tahun Dibangun : 2021
Bangunan Menghadap : -
Jumlah Lantai : 1
Carport : 1
Listrik : 1300 watt
Sumber Air : Jet Pump
Akses Jalan : 2 mobil (4 Meter)
Tidak Banjir : Ya

Lokasi Sangat Strategis :
One Gate System
15 menit ke Tol Jatiwarna dan Tol Cibubur

Dekat dengan :
Sarana Ibadah
Pintu Tol Jatiwarna
Pusat Perbelanjaan
Sekolahan dan Universitas

Harga Cash: 400.000.000 belum termasuk biaya biaya.
Harga KPR : 550.000.000 All in.

NB:
KPR ke Developer : 5 tahun (DP 100-150Jt, sisanya dibagi 60 bulan TANPA BUNGA) indent 6 Bulan
Cash Keras Indent 4 Bulan

For Real Buyer Only, Calo nyamar jadi Buyer nanti dulu ya"
26,30-03-2021,https://www.rumah123.com/properti/bekasi/hos8101287/,687000000,Bekasi,72,65,3,2,0,0,1,0,2200,SHM,Rumah Cluster baru harga perdana Jatiwarna strategis Bekasi,"Rumah baru 2 lantai
Dp Flexible
Free AJB
Unit terbatas!
Selangkah Ke Jalan Raya

Cluster Vila Bunda 2 :
Type 2 lantai
LT mulai 71,5-83
LB 65
Harga Mulai 687,000,000

Kamar tidur 3
Kamar mandi 2
Listrik 2,200 watt

Masih harga perdana

Selling point :
40 meter ke jalan raya
Jalan dalam cluster 6 meter
Dekat sekolah negeri dana swasta
Dekat ke jakarta timur
Dekat akses toll jatiwarna
Dekat ke jalan raya alternatif cibubur"
27,30-03-2021,https://www.rumah123.com/properti/bekasi/hos8101238/,415000000,Bekasi,64,36,2,1,0,0,1,0,1300,SHM,Rumah minimalis,"Rumah cluster sumber jaya Tambun selatan.lingkungan aman dan nyaman.bebas banjir

Total 14 unit
Ready stok 1 unit
8 unit sudah sold, sisa 5 unit.


Spesifikasi :
Luas tanah : 64,65,67,69,75,84,119
Luas bangunan : 36 & 45 m
Lantai : 1
Kamar tidur : 2
Kamar mandi : 1
Listrik : 1300watt
Sumber air : jetpump
SHM+IMB

Struktur bangunan:
-pondasi batu kali
-Dinding: bata hebel finishing cat
-Lantai : granit 60x60
-Rangka atap baja ringan
-penutup atap genteng beton
-kusen alumunium
-kloset duduk dan jongkok.

KEUNGGULAN:
Dekat sekolah SD, SMP, SMA
Dekat tempat ibadah
Dekat kolam renang suka ria
Dekat Alfamart, Indomaret, Superindo
Dekat pasar mini Patra Mangun jaya

Selling point:
-10 mnt dari stasiun Tambun
-20 mnt dr tol timur Bekasi
minat hubungi
Lekha
Hp/wa/tele 082299127215"
28,30-03-2021,https://www.rumah123.com/properti/bekasi/hos8101115/,2300000000,Bekasi,189,150,4,3,1,1,1,0,2200,SHM,Rumah Cantik 2 Lantai Siap Huni di Jalan Caman Jakasempurna Bekasi,"Dijual Rumah 2 Lantai Siap Huni di Jalan Caman, Jakasampurna Bekasi Barat

Luas tanah 189 m
Luas bangunan 150 m
Kamar tidur 4+1
Kamar mandi 3+1
Carport 2 mobil
SHM

Harga: 2.3M nego

- Lingkungan aman dan nyaman
- Sangat strategis
- Bisa KPR (kami siap bantu)
- Dekat dengan Akses Toll
- Bebas Banjir
- Dekat dengan pusat perbelanjaan

Hubungi
Titis Era Sky
08113200521"
29,30-03-2021,https://www.rumah123.com/properti/bekasi/hos8101096/,1300000000,Bekasi,144,77,2,1,1,1,1,0,2200,SHM,RUMAH BESAR TANAHNYA CLUSTER IFOLIA HARAPAN INDAH BEKASI,"SATU LGI,MURAH,RUMAH CANTIK,BESAR TANAHNYA...

Dijual Cepat, Rumah di Cluster Ifolia,Siap Huni, murah,..

Harapan Indah2 Bekasi

Luas tanah 144m (818)
Bangunan 77m
Kamar tidur 2+1
Kamar mandi 1+1
Listrik 2200 watt
Toren, pompa air, LL
SHM

Harga jual : 1,3M NEGO

BISA KPR
LL

Hub :
Yane Li
081296288835"
30,30-03-2021,https://www.rumah123.com/properti/bekasi/hos8101058/,690000000,Bekasi,77,77,2,1,0,0,1,0,1300,SHM,RUMAH SIAP HUNI HARAPAN INDAH 1 BEKASI,"Di Jual Rumah Siap Huni, Di Harapan Indah Satu.
Kota Harapan Indah

Bekasi.

LT 77m2
LB 77m2
KT 2
KM 1
Gudang 1
Listrik 1300 watt
Air Pam
Split AC 1
Rumah Hadap Utara
Sertifikat SHM on hand

Harga 690 Juta Nepis

Bisa KPR

Hub :
Yane Li
081296288835"
31,30-03-2021,https://www.rumah123.com/properti/bekasi/hos8096851/,825000000,Bekasi,94,75,3,2,0,0,1,0,1300,SHM,Rumah Baru Harapan Indah,"Jual Rumah Baru Harapan Indah
DI JUAL RUMAH TINGGAL

, Pejuang, Medan Satria,Bekasi
LT/LB: 94 / 75 -
KT: 3
KM: 2
Tingkat: 1
Hadap: Timur
Listrik: 1300 watt
Ruang Tamu, Ruang Keluarga, Ruang Makan, Dapur Basah, Dapur Kering, Keamanan 24 Jam, Dekat Sekolah, Dekat Rumah Sakit, Dekat Jalan Raya, Dekat Mall, Dekat Tempat Ibadah, Dekat Bank, Dekat SPBU, Dekat Toll
SHM

HARGA : Rp. 825.000.000

SURVEY SEKARANG HUBUNGI:
ERA EXPERT
0878 7888 9999"
32,30-03-2021,https://www.rumah123.com/properti/bekasi/hos8096839/,85000000,Bekasi,75,29,2,1,0,0,1,0,1300,HGB,Rumah hook lokasi strategis dekat gerbang utama sudah terbukti tidak banjir,"Take Over Rumah Di Bekasi Utara Rp 85jt
Rumah type 29/75 ( Hook ) berikut spesifikasinya :

1. L.Tanah 75 meter,
2. L.Bangunan 29 meter,
3. Dekat RTH ( Ruang Tanaman Hijau )/FASOS
4. Penduduk Lebih Dari 1000 Kepala Keluarga
5. Listrik Token 1300 watt, Masih listrik Bersubsidi
6. K.Tidur 2,
7. K.Mandi 1
8. Ruang Tamu,

Agsuran Rp 1.780.000/bln,- selama 22 tahun (sudah berjalan 48 Bulan ),.

Apabila anda ambil over kredit,inilah manfaatnya :
1. Tidak Ribet Mengurus Persyaratan Kredit,
2. Tidak Perlu Survey/Wawancara Kredit,
3. Anda Bayar DP, anda langsung bisa menempati rumah tsb,

Alamat :
Jl. H Musir, Sriamur, Tambun Utara atau dpt langsung menghubungi saya untuk melihat lokasi.
Ayo Tunggu Apalagi..

Jika Anda berminat,bisa menghubungi User Dibawah bisa Whatsapp,Sms, Telfon"
33,30-03-2021,https://www.rumah123.com/properti/bekasi/hos8096806/,1635000000,Bekasi,125,125,3,2,1,1,1,0,3500,SHM,Cluster Exclusive Design Clasic Material Premium Dalam Perumahan Jatiwaringin,"Cluster Exclusive Design Clasic Material Premium Dalam Perumahan Jatiwaringin Strategis Dekat Gerbang Toll Pondok Gede

Spesifikasi:
LT : 125M2
LB : 125M2
KT : 3+1
KM : 2+1
Carport : 1 Mobil
Listrik : 3500 Watt
Lantai : 2 Lantai
Orientasi : Barat
Jetpump
SHM, IMB
Unfurnish
Bangunan : 2021

Selling Point ,
- Cluster bebas banjir
- Cluster Exclusive
- Dekat Ke Pondok Gede Mall
- Dekat ke pusat kuliner Jatiwaringin Raya
- Dekat Sekolah Favorit SMAN 5 , SDI Asyafi'iyah , Unkris , Univ Assyafi'iyah
- Jalan akses 2 Mobil
- Dekat Pusat Olah raga Gim, Swimming Pool , Tenis , Panahan , Gor Bulutangkis

Harga : Rp 1,635,000,000

Jangan Sampai Kehabisan Unit Terbatas !

Survei Unit Hub :
Vina(yna)
HP/WA: 085777477753

Mepo :
SMA Negeri 5 Bekasi
(021) 8460810
https://goo.gl/maps/f12hrHTzxFQrhuJ56"
34,30-03-2021,https://www.rumah123.com/properti/bekasi/hos8096686/,355000000,Bekasi,60,38,2,1,0,0,1,0,1300,SHM,Rumah Hunian indah di tambun selatan,"Bumi Berlian Sejahtera
Rumah baru di tambun selatan DP 0%.
Booking 3 jt sampai Serah Terima Kunci, Dengan 300 jutaan Kamu bisa memiliki Hunian idaman keluarga dengan kenyamanan dan lingkungan yang tertata rapi di Mangunjaya, Tambun Perumahan komersil dengan design kekinia, Selain desainnya yang kece dan tetap minimalis, setiap rumah kami berikan AC & Exhaust Fan tanpa diundi loh.
Keunggulan :
. One Get System
. Rumah Siap Huni
. Akses Aspal & Paving Blok
. Dekat Sekolah
Lokasi Strategis Banget:
Metland Tambun
Pusat Pemerintah (Kecamatan, Kabupaten, dll)
Stasiun Kota Bekasi
Stasiun Tambun
Tol Bekasi Timur
Rs. Kartika Husada
Puskesmas Tambun
Pasar Tambun
Pusat Ibadah
Pusat Perbelanjaan.
Promo:
free AC
free biaya Notaris,Appraisal,BPHTB,KPR
DP 0%
Wa:085782659445
https://wa.me/message/WBGKNLDNW3B2O1"
35,30-03-2021,https://www.rumah123.com/properti/bekasi/hos8096668/,790000000,Bekasi,138,120,3,1,0,0,1,0,1300,SHM,rumah hoek. Sangat luas jarang ada di cluster aralia harapan indah bekasi barat,"Luas 306
Lb 95
Kt 2+1
Km 1+1
Hgb
Listrik 1300w
Pam
Carport 1.mbl
Hdp utara timur
Rp 2,7m nego
#hw/rt-ern"
36,30-03-2021,https://www.rumah123.com/properti/bekasi/hos7925282/,2700000000,Bekasi,306,95,2,1,1,1,1,0,1300,SHM,Di rumah siap huni di harapan indah 1 Bekasi,"Dijual Rumah di Harapan Indah 1 Bekasi

LT = 138m
LB = 120m
KT = 3
KM = 1
Hadap = utara
Carpor = masuk 2 mobil
Sudah SHM,
IMB = Ada
PLN = 1300 watt
Air = PAM
Hrg 790jt nepis
rtn"
37,30-03-2021,https://www.rumah123.com/properti/bekasi/hos7892289/,2700000000,Bekasi,180,280,3,2,1,1,1,0,3300,SHM,"Rumah 2 Lantai dalam Cluster Exclusive, Bulevard Hijau Regency dengan keamanan 24 Jam","Di Kota Harapan Indah - BEKASI.
LT. 180 M2
LB. 280 M2 (2 Lantai)
KT. 3+1.
KM 2+1
Listrik : 3.300 Watt
AC 2 Unit,
Kitchen Set
SHM
Rp. 2,7 M (Nego)
*vn-ern"
38,30-03-2021,https://www.rumah123.com/properti/bekasi/hos8100582/,800000000,Bekasi,55,75,2,2,0,0,1,0,1300,SHM,Rumah Minimalis di Cluster D Jakasampurna Bekasi,"Rumah Minimalis di Cluster D Jakasampurna Bekasi
Repost
Dijual rumah d cluster D minimalis jakasampurna

lt 55m2
lb75m2
2kt
2km
1dapur
1300watt
SHM

800jt Nego

#YLMEL
Hub
Lisie
0878 81423833"
39,30-03-2021,https://www.rumah123.com/properti/bekasi/hos8100572/,4200000000,Bekasi,300,275,4,3,1,1,1,1,4400,SHM,Rumah di Cluster Asia Tropis Harapan Indah Bekasi,"Rumah di Cluster Asia Tropis Harapan Indah Bekasi
Repost
Dijual rumah asia tropis
Harapan indah bekasi
Lt.300
Lb.275
Kt.4+1
Km.3+1
Listrik 4400watt
Pam
Shm
Harga Rp 4.2 M
#YY
Hub
Lisie
0878 81423833"
40,30-03-2021,https://www.rumah123.com/properti/bekasi/hos8100545/,2500000000,Bekasi,297,297,7,5,0,0,1,1,2200,SHM,Rumah di Griya Jati Sari Jakasampurna Bekasi,"Dijual rumah di Griya jati sari
Jakasampurna
Bekasi
2 lantai
Lt. 297
Lb. 297
Kt.7
Km.5
Listrik 2200 watt
Air jet pump
Shm
Harga Rp 2.5 M
#YY
Lokasi dekat tol becak kayu
Pasar kranji
Mall metropolitan
Sekolah

Hub
Lisie
0878 81423833"
41,30-03-2021,https://www.rumah123.com/properti/bekasi/hos8100173/,260000000,Bekasi,75,29,2,1,0,0,1,0,1300,HGB,Rumah Minimalis bebas Banjir dibekasi 20 menit dari stasiun bekasi,"JUAL Rumah type 29/75 ( Hook )
Rp. 260.000.000 Sudah termasuk balik nama Sertifikat

1. L.Tanah 75 meter,
2. L.Bangunan 29 meter,

2 Kamar Tidur
1 Ruang Tamu
1 Kamar Mandi

KEUNGULAN
- Tanah luas gak perlu di tingkat
- Posisi di pinggir tentu view,ventilasi dan pembuangan lebih baik
- Cuma 100 meter dari gerbang utama sudah ada indomart + mesin atm
- Udara sejuk karna masih banyak pepohon
- Dekat fasos dan bukan di jalur utama lebih safety untuk anak2 yg bermain
- Sudah banyak tetangga jadi bisa langsung pindahan
- Dekat area komersial dan Ruko
- Sudah dihuni lebih dari 2000 KK
- Kondisi rumah sudah layak huni
- Spiteng sudah permanen
- Sudah full tralis
- Sumber air sudah pakai jetpump
- Jaringan telfon dan Internet (indihome)
- Yang terpenting Bebas Banjir

Dekat Dengan Beberapa Lokasi :
30 Menit Menuju Jakarta
20 Menit Menuju SUMMARECON Bekasi
20 Menit Menuju Stasiun Bekasi
20 Menit Menuju Kota Harapan Indah
Terdapat Minimarket di dalam perumahan
Dekat dengan Pasar BABELAN
Dekat dengan Ru"
42,30-03-2021,https://www.rumah123.com/properti/bekasi/hos8100357/,805000000,Bekasi,70,95,3,2,0,0,1,0,2200,SHM,Property syariah Pondok Gede Bebas Banjir,"*MEMIMPIKAN HUNIAN MEWAH DENGAN KONSEP KEPEMILIKAN SYARIAH ?*

_we proudly present !_
Kini telah hadir di PONDOK GEDE Kota Bekasi , Project ke 13 persembahan Developer Royal Gemilang Persada


*AHZAVI RESIDENCE*
_The Luxurios Islamic Sharia Living_

Menawarkan konsep hunian mewah nan nyaman dengan fasilitas *private pool* disetiap rumah nya

Dengan mengusung prinsip pembiayaan yang *TANPA BANK* & *BEBAS RIBA* , Anda dapat memilih design rumah sesuai dengan rumah impian Anda
American Style
Skandinavian Style
Modern minimalist style

Cukup dengan budget 800 jutaan , Anda berhak memiliki hunian di jantung kota Bekasi

AKSESIBILITAS :
Jl Raya Jatimakmur 900 meter
Jl Raya Hankam 1 km
Pintu Tol Jatiwarna 3 km
Pintu Tol Jatiasih 5 km
Pintu Tol Jatibening 5 km
Stasiun LRT Jaticempaka 6 km
Terminal Kp Rambutan 8 km


FASILITAS PENDIDIKAN :
SD Negeri Jatirahayu 200 meter
SD Islam Al Azhar Jatikramat 4 km
SMP Ne"
43,30-03-2021,https://www.rumah123.com/properti/bekasi/hos8067669/,4500000000,Bekasi,300,275,4,4,2,1,2,1,4400,SHM,Rumah mewah dalam cluster asia tropis lebar 12x25 hadap selatan semi furnished di harapan indah bekasi barat,"Luas 12x25=300
Lb 275
Listrik 4400w
Semi f
Ada taman
Kamar 4+2
Km 4+1
Hadap selatan
Shm
Carport 2
Garasi 1
Rp 4,5m nego sampai deal
#rt-ern"
44,30-03-2021,https://www.rumah123.com/properti/bekasi/hos8100167/,825000000,Bekasi,112,70,2,1,1,1,1,0,2200,SHM,"Rumah Siap Huni Bagus di Bulevar Hijau, Bekasi","Dijual Rumah Siap Huni Bagus di Bulevar Hijau, Bekasi
lt 112
lb 70
kt 2+1
km 1+1
shm
2200 watt
pam
Tusa
Harga 900 jt turun harga 825jt nego

#Henyan
Hub; Meta Chen
note : outstanding di bank 150jt"
45,30-03-2021,https://www.rumah123.com/properti/bekasi/hos8099595/,2300000000,Bekasi,126,200,4,4,1,1,1,0,3300,PPJB,Rumah Vasana Full Renovasi Harapan Indah Bekasi,"Deskripsi
Dijual cepat rumah minimalis full renovasi 2.5 lantai hadap Utara siap huni di Neo Vasana Harapan Indah Bekasi free Kitchen Set dan Meja Bar di lokasi strategis dekat ke Hotel Santika Premier, Carefour, Transera dan akses Tol Jorr

Additional Details
Status Kepemilikan: PPJB
Car Port
Listrik 3.300 VA
PAM

*ss

"
46,30-03-2021,https://www.rumah123.com/properti/bekasi/hos8100092/,1250000000,Bekasi,171,95,3,2,0,0,1,1,2100,SHM,Rumah Bagus Murah Tanah Luas Siap Huni Bawah Pasar di Kranji Jaka Sampurna,"Rumah di Jakasampurna Bekasi Bebas Banjir dataran tinggi.

Spesikasi:
Lt 171m
Lb 95m
K Tidur 3
k Mandi 2
Garasi 1 mobil
Carport 1 mobil
Dapur Kotor/Irn
Listrik 2 token 900 watt dan 1200 watt
letak di hook, hadap Timur dan Selatan
Sumber Air Jetpump
Harga 1.250m Nego by Owner

Selling Point;

Selangkah ke Apotik Roxi Patriot
10 mnt k tol Becakayu dan tol Jorr
Akses jalan 2 mobil
10 mnt ke Stasiun kereta Kranji,
Dekat Mall, Pasar Traditional, RS dan sekolah, ada angkutan umum,"
47,30-03-2021,https://www.rumah123.com/properti/bogor/hos8100046/,6600000000,Bekasi,500,800,4,3,1,1,1,1,10000,SHM,"Kota Wisata LT 500 LB 800, Rapih &amp; siap HUNI ! NEGO","KOTA WISATA CIBUBUR adalah salah satu perumahan terfavorit di area Cibubur, selain lokasinya yang berdekatan dengan perumahan Legenda Wisata , juga Kota Wisata berada dalam lokasi yang sangat strategis. Sangat dekat dengan tempat Wisata Mekarsari dan akses menuju Kota Wisata juga dapat ditempuh dari dua arah tol. Yang pertama sudah pasti tol Cibubur dan yang kedua adalah tol Jati Asih. Untuk kedepannya atau untuk rencana tata kota yang sudah di petakan oleh pemerintah, bahwasanya akan segera dibangun tol, yang akan menghubungkan tol Jakarta Cibubur Bekasi. Dengan kondisi kondisi tersebut sudah pasti bisa diperkirakan bahwa Kota Wisata akan menjadi tempat hunian yang sangat popular juga menjadi sarana investasi pilihan yang sangat menarik di Cibubur. Kota Wisata merupakan perumahan yang mempunyai luas tanah 1000 Ha lebih. Dan kami adalah Agent Property yang bekerjasama dengan bank bank ternama. Dan siap membantu proses KPR ."
48,30-03-2021,https://www.rumah123.com/properti/bekasi/hos8099983/,295000000,Bekasi,66,66,2,1,0,0,1,0,1300,PPJB,Rumah Baru Siap Huni,"umah Dijual Bekasi Rumah Baru Siap Huni
Jual Cepat
AJB
#BrightonRealEstate #BrightonProject #MimpiJadiNyata #MimpiTanpaBatas
#BisnisTanpaBatas #GunakanBrokerArebi
#Brightonbekasi
#Propertybekasi"
49,30-03-2021,https://www.rumah123.com/properti/bekasi/hos8099957/,1250000000,Bekasi,126,106,2,1,0,0,1,0,2200,SHM,Rumah Siap Huni Kondisi Terawat,"Jual Rumah Siap Huni Kondisi Terawat
DI JUAL RUMAH TINGGAL

, Pejuang, Medan satria,Bekasi
LT/LB: 126 / 106 -
KT: 3
KM: 2
Tingkat: 1
Hadap: Utara
Listrik: 2200 watt
Ruang Tamu, Ruang Keluarga, Ruang Makan, Dapur Basah, Dapur Kering, Keamanan 24 Jam, Dekat Sekolah, Dekat Rumah Sakit, Dekat Jalan Raya, Dekat Mall, Dekat Tempat Ibadah, Dekat Bank, Dekat SPBU, Dekat Toll
SHM

HARGA : Rp. 1.250.000.000

SURVEY SEKARANG HUBUNGI:
Sita
ERA EXPERT
0878 8015 1160"
50,30-03-2021,https://www.rumah123.com/properti/bogor/hos8099934/,3250000000,Bekasi,240,350,5,5,0,0,1,1,,SHM,"Kota Wisata LT 240 LB 350, DIPASARKAN CEPAT &amp; NEGO !","KOTA WISATA CIBUBUR adalah salah satu perumahan terfavorit di area Cibubur, selain lokasinya yang berdekatan dengan perumahan Legenda Wisata , juga Kota Wisata berada dalam lokasi yang sangat strategis. Sangat dekat dengan tempat Wisata Mekarsari dan akses menuju Kota Wisata juga dapat ditempuh dari dua arah tol. Yang pertama sudah pasti tol Cibubur dan yang kedua adalah tol Jati Asih. Untuk kedepannya atau untuk rencana tata kota yang sudah di petakan oleh pemerintah, bahwasanya akan segera dibangun tol, yang akan menghubungkan tol Jakarta Cibubur Bekasi. Dengan kondisi kondisi tersebut sudah pasti bisa diperkirakan bahwa Kota Wisata akan menjadi tempat hunian yang sangat popular juga menjadi sarana investasi pilihan yang sangat menarik di Cibubur. Kota Wisata merupakan perumahan yang mempunyai luas tanah 1000 Ha lebih. Dan kami adalah Agent Property yang bekerjasama dengan bank bank ternama. Dan siap membantu proses KPR ."
51,30-03-2021,https://www.rumah123.com/properti/bekasi/hos8099740/,990000000,Bekasi,71,107,3,2,0,0,1,0,2200,SHM,Cluster Mewah di Jatiasih Mulai 900 Jtan,"Cluster Mewah 2 Lantai di Jatiasih Bekasi Anti Macet
Lokasi strategis Hanya 50 meter dari pintu tol Jatiasih
Total 10 Unit
Sold 2 Unit
Siap Huni
Bebas Banjir, Aman
Lingkungan Tenang, Nyaman
Cluster Security 24 jam

Free Biaya BPHTB

5 Unit Rumah Siap Huni
Lt. 71 s/d 92 m Lb.107 s/d 131m
5 unit Rumah Inden
Lt.82 m2 Lb.126 m2

Harga mulai Rp 990jt sd Rp 1,35 M
3 Kamar Tidur
2 Kamar Mandi
1 Carport Mobil

Fasilitas
Listrik 2200 Watt , Pompa Air Jet Pump, Shower Box, Kitchen Set, Terali Jendela dan Pengaman Untuk Ruang Terbuka
Ready SHM, IMB, PBB
Row jalan dalam cluster 6 m

Silahkan Hubungi Untuk Informasi Lebih Lanjut
Cepat survey, cepat huni"
52,30-03-2021,https://www.rumah123.com/properti/bekasi/hos8099911/,2100000000,Bekasi,144,157,3,3,1,1,1,1,1300,PPJB,Rumah 2 lantai Luas Tanah 8x18 di Cluster Asera One South Harapan Indah Bekasi,"Di Jual Rumah 2 lantai Luas Tanah 8x18 di Cluster Asera One South Harapan Indah Bekasi

Luas Tanah 144
Luas Bangunan 157
Kamar Tidur 3+1
Kamar Mandi 3+1
2 Lantai
Garasi
Carport
1300Va
PAM

Harga 2.1m
Rn/nad"
53,30-03-2021,https://www.rumah123.com/properti/bogor/hos8099913/,1450000000,Bekasi,128,120,3,2,0,0,1,0,1300,HGB,"Kota Wisata LT 128 LB 120, DIPASARKAN CEPAT &amp; NEGO !","KOTA WISATA CIBUBUR adalah salah satu perumahan terfavorit di area Cibubur, selain lokasinya yang berdekatan dengan perumahan Legenda Wisata , juga Kota Wisata berada dalam lokasi yang sangat strategis. Sangat dekat dengan tempat Wisata Mekarsari dan akses menuju Kota Wisata juga dapat ditempuh dari dua arah tol. Yang pertama sudah pasti tol Cibubur dan yang kedua adalah tol Jati Asih. Untuk kedepannya atau untuk rencana tata kota yang sudah di petakan oleh pemerintah, bahwasanya akan segera dibangun tol, yang akan menghubungkan tol Jakarta Cibubur Bekasi. Dengan kondisi kondisi tersebut sudah pasti bisa diperkirakan bahwa Kota Wisata akan menjadi tempat hunian yang sangat popular juga menjadi sarana investasi pilihan yang sangat menarik di Cibubur. Kota Wisata merupakan perumahan yang mempunyai luas tanah 1000 Ha lebih. Dan kami adalah Agent Property yang bekerjasama dengan bank bank ternama. Dan siap membantu proses KPR ."
54,30-03-2021,https://www.rumah123.com/properti/bekasi/hos8099885/,3500000000,Bekasi,168,200,3,3,0,0,1,0,,PPJB,Rumah strategis siap huni bebas banjir galaxy bekasi,"Dekat dengan pusat perbelanjaan seperti :
Mall Metropolitan, Mall Pekayon (Naga), Mall Bekasi (Giant), Bekasi Cyber Park, Bekasi Square, Superindo, sehingga kebutuhan sehari-hari mudah didapatkan;

Dekat dengan sekolah yang bertaraf atau bereputasi International seperti :
Pax, Golden International School, Sekolah Darussalam, Al-Azhar, Town Kids Pre Schoo, LPIA,;

Dekat dengan Universitas seperti :
Pax, Univ. Gunadarma, Univ. Borobudur, Univ. Swadaya, Unkris;

Dekat dengan sarana kesehatan seperti :
RS. Hermina Galaxy, RSIB Anna, RS. Hermina, RS. Mitra Keluarga;

Sarana Olah Raga seperti : Sport Club Galaxy Tirtamas;
Sarana transportasi untuk external dan internal yaitu :
Menit dari Tol Jorr, Tol Bekasi Barat dan Tol Becakayu;
Trans Galaxy Shuttle Bus untuk tujuan Galaxy ke Jakarta, Sudirman, Blok M PP, atau internal angkutan 05 A.

c:i8975"
55,30-03-2021,https://www.rumah123.com/properti/bogor/hos8099881/,5000000000,Bekasi,435,368,6,4,0,0,1,1,3300,HGB,"Kota Wisata LT 435 LB 368, DIPASARKAN CEPAT &amp; SIAP NEGO","KOTA WISATA CIBUBUR adalah salah satu perumahan terfavorit di area Cibubur, selain lokasinya yang berdekatan dengan perumahan Legenda Wisata , juga Kota Wisata berada dalam lokasi yang sangat strategis. Sangat dekat dengan tempat Wisata Mekarsari dan akses menuju Kota Wisata juga dapat ditempuh dari dua arah tol. Yang pertama sudah pasti tol Cibubur dan yang kedua adalah tol Jati Asih. Untuk kedepannya atau untuk rencana tata kota yang sudah di petakan oleh pemerintah, bahwasanya akan segera dibangun tol, yang akan menghubungkan tol Jakarta Cibubur Bekasi. Dengan kondisi kondisi tersebut sudah pasti bisa diperkirakan bahwa Kota Wisata akan menjadi tempat hunian yang sangat popular juga menjadi sarana investasi pilihan yang sangat menarik di Cibubur. Kota Wisata merupakan perumahan yang mempunyai luas tanah 1000 Ha lebih. Dan kami adalah Agent Property yang bekerjasama dengan bank bank ternama. Dan siap membantu proses KPR ."
56,30-03-2021,https://www.rumah123.com/properti/bekasi/hos8099594/,448800000,Bekasi,72,36,2,1,0,0,1,0,1300,SHM,Rumah 2 lantai Luas Tanah 8x18 di Cluster Asera One South Harapan Indah Bekasi,"Lagi cari-cari rumah di Bekasi dengan harga yang terjangkau??
Apalagi kalau cari rumah di pinggir jalan?
Pastinya sudah mahal banget ya kan?

Nah rumah yang 1 ini menjadi solusinya
Grand Setu City
Rumah di Bekasi dengan harga sekitar 400-500 jutaan
Bahkan untuk rumah 2 lantai mulai dari 500 jutaan aja!
Wow murah banget kaaann??

Soal rumah jangan khawatir!
Legalitas terjamin! Clear!

Dilengkapi dengan fasilitas umum yang lengkap!!
Ada taman, mushola, dan playground!
Yang bikin kamu dan keluarga betah berlama-lama dirumah!

Gratis custome layout ruangan!
plus kamu sudah dapat langsung!
1. toren
2. jetpump
3. Taman
4. kanopi

Plus sudah SUDAH FREE ALL BIAYA!
Tanpa biaya-biaya lagi!

Lokasi strategis banget hanya :
5 menit Tol Jor
5 menit Kantor Kecamatan Setu Bekasi
15 menit Waterpark
15 menit Pusat Industri MM 2100
10 menit SMPN 1 Setu
15 menit Grand Wisata Cibubur
Yuk langsung calling kami
0851.5863.6623 wa/call
0821.1401.5488 wa/call
#sambut2021#memudahkanmenentramkan#rumahdijualjakarta #rumahdijualdide"
57,30-03-2021,https://www.rumah123.com/properti/bekasi/hos8099848/,1250000000,Bekasi,126,106,3,2,0,0,0,1,2200,SHM,Rumah Siap Huni Kondisi Terawat,"Jual Rumah Siap Huni Kondisi Terawat
DI JUAL RUMAH TINGGAL

, Pejuang, Medan satria,Bekasi
LT/LB: 126 / 106 - 
KT: 3
KM: 2
Tingkat: 1
Hadap: Utara
Listrik: 2200 watt
Ruang Tamu, Ruang Keluarga, Ruang Makan, Dapur Basah, Dapur Kering, Keamanan 24 Jam, Dekat Sekolah, Dekat Rumah Sakit, Dekat Jalan Raya, Dekat Mall, Dekat Tempat Ibadah, Dekat Bank, Dekat SPBU, Dekat Toll
SHM

HARGA : Rp. 1.250.000.000

SURVEY SEKARANG HUBUNGI: 
ERA EXPERT
0878 7888 9999"
58,30-03-2021,https://www.rumah123.com/properti/bekasi/hos8099831/,295000000000,Bekasi,15000,10000,120,120,0,0,1,0,,SHM,Hotel Berbintang Lokasi Strategis di Bekasi Timur,"Dijual Hotel Berbintang 2 lantai di Jalan RA Kartini Margahayu Bekasi 
Timur dengan fasilitas Wifi, Televisi, Shower dingin/hangat lokasi dekat
 dengan akses Tol, Mall, Tempat Rekreasi (Snow World), Kampus, Stasiun, 
Pusat Kuliner dan Rumah Sakit.

TTS"
59,30-03-2021,https://www.rumah123.com/properti/bekasi/hos8099772/,2300000000,Bekasi,126,200,4,4,2,1,1,0,3300,PPJB,Rumah Vasana Full Renovasi di Harapan Indah Bekasi,"Dijual cepat rumah minimalis  full renovasi 2.5 lantai 
hadap Utara siap huni di Neo Vasana Harapan Indah Bekasi free Kitchen 
Set dan Meja Bar di lokasi strategis dekat ke Hotel Santika Premier, 
Carefour, Transera dan akses Tol Jorr

Status Kepemilikan: PPJB
Car Port
Listrik 3.300 VA
PAM

*ss"
60,30-03-2021,https://www.rumah123.com/properti/bekasi/hos8099718/,2650000000,Bekasi,200,180,3,3,1,1,2,1,2200,SHM,rumah 2 lantai di cluster arana lebar 10x20 harapan indah hi bekasi barat,"Luas 10x20
Lb +/- 180
Kt 3+1
Km 3+1
2200w
Pam
Hgb
Hadap utara
Carport 2
Garasi 1
Rp 2,650M
#rt-ern"
61,30-03-2021,https://www.rumah123.com/properti/bekasi/hos8098316/,4800000000,Bekasi,200,293,6,4,0,0,2,2,5500,SHM,Rumah Cantik dan Mewah 3 Lantai di Jatibening,"di jual 1 unit Rumah Mewah Terawat, 3 Lantai, Fully Furnished di Perumahan Terbaik di Jatibening, Bekasi.


*LT 200 M2

*LB 293 M2

*KT : 6 buah

*KM: 4 buah

*Listrik: 5.500 Watt

*Garasi 2 mobil

*Carport 2 mobil

*Fully Furnished

*bangunan 2015


Fasilitas di Perumahan:

* Swimming Pool

* Jogging Track

* Lapangan Tennis

* Barbeque Park

* Security 24 jam


Surat-Surat

*IMB

*SHM

Akses:


*5 Menit ke Tol Jatibening

*10 Menit dari Stasiun LRT"
62,31-03-2021,https://www.rumah.com/listing-properti/dijual-bekasi-oleh-andi-wicaksono-18282694,250000000,Bekasi,36,72,2,1,0,0,0,1,1300,SHM,Rumah 200jutaan Banyak Bonusnya di Bekasi,"MILIKI RUMAH CLUSTER

DENGAN HARGA MURAH SYARAT MUDAH



SPESIFIKASI :

*TYPE 36/72

*2 Kamar tidur

*1 Ruang tamu

*1 Kamar mandi



*Carport / Garasi

*Wastafel

*Listrik 1300 Watt

*Air sumur bor ( Jetpump )

*Spitank besar tanpa renov lagi



*Atap baja ringan

*Genteng metal pasir adem & anti pecah

*Plafond Gypsum

*Dinding Hebel Double dinding

*Kusen pintu & Jendela kayu meranti

*Pondasi Batu kali

*Slop bertulang besi 10""



Free : AC 1/2, Mesin air, Toren 500 ltr

BONUS : Pagar & Kanopi Minimalis



Akses lokasi sangat strategis terletak di tengah kota Bekasi & kabupaten Bekasi

15 mnt Summarecon

15 mnt Harapan indah

15 mnt Stasiun Kranji

20 mnt Gate till Bekasi timur & barat



Sudah Ramai penduduk & sangat dekat sekali dengan pusat bisnis & sekolah umum



Proses sangat mudah & cepat :

Tanpa KPR Bank

Tanpa BI Checking

Tanpa riba

Tanpa denda

Tanpa sita



PERSYARATAN CUKUP :

1.Fotocopy KTP 3 lbr/Suami istri

2.Fotocopy KK 3 lbr

3.Fotocopy NPWP 3 kbr

4.Fotocopy Buku nikah



BEBAS BANJIR



Info lengkapnya dan survey lokasi

Hubungi :

wa.me/6281295540188
                                    "
63,31-03-2021,https://www.rumah.com/listing-properti/dijual-bekasi-oleh-amy-18197099,3200000000,Bekasi,200,220,4,3,1,1,2,0,3500,SHM,Rumah dijual,"Dijual Murah Rumah Cantik Dalam Cluster Asia Tropis Harapan Indah Bekasi



Harga 3.2M nego



Spesifikasi rumah :

Luas tanah (PxL) : 10*20 = 200

Luas bangunan (PxL) : 220

Kamar tidur : 4+1

Kamar mandi : 3+1

Carpot / garasi muat berapa mobil : 2 mobil

Sudah renovasi

Semi furnished (semua barang yg menempel di tembok di tinggal)

Listrik : 3500W

Air Pam

2 Lantai

Hadap Timur



Fasilitas Cluster: 

Sportclub, swimming pool, gym, bulu tangkis, lapangan basket, taman bermain anak, one get sistem, security 24jam.



feryan
                                    "
64,31-03-2021,https://www.rumah.com/listing-properti/dijual-taman-bekasi-asri-bekasi-oleh-paulina-pola-18301165,2500000000,Bekasi,131,150,3,3,0,0,1,0,2200,SHM,"Perumahan Taman Bekasi Asri, Pengasinan. Bekasi Timur","Rumah bebas banjir di Taman Bekasi Asri, Pengasinan. Bekasi Timur

Rumah sangat strategis dan bebas banjir.

5 menit dari Tol Bekasi Timur

5 menit dari Rumah Sakit Mitra Keluarga Timur

5 menit dari stasiun MRT Bekasi

Dikelilingi Pertokoan, Mall, Tempat Ibadah, sekolah

Bisa dibantu KPR.

Utk survey dan kansultasi bisa wa 081808112934
                                    "
65,31-03-2021,https://www.rumah.com/listing-properti/dijual-harapan-indah-oleh-hengkie-tse-18289537,825000000,Bekasi,75,38,2,1,0,0,1,0,1300,PPJB,Dijual rumah baru di harapan indah 1 dekat sekolah saint John. Bekasi,"Dijual rumah baru di harapan indah 1 dekat sekolah saint John. Bekasi



LT = 75 m

LB = 38 m

Kt = 2

Km = 1

PPJB

Atap baja ringan

Ada sisa tanah sedikit di belakang. 

Harga 825 juta nego

Tse - M2
                                    "
66,31-03-2021,https://www.rumah.com/listing-properti/dijual-bekasi-utara-bekasi-oleh-mohammad-agus-budiono-18363285,3600000000,Bekasi,300,300,4,3,0,0,2,1,900,SHM,"Bekasi Utara Rumah Mewah 2,5 Lantai Tanah Luas Full Renovasi","RUMAH MEWAH 2,5 LANTAI TANAH LUAS DI BEKASI UTARA,SELANGKAH KE PONDOK UNGU PERMAI DAN MARAKASH





Bangunan Kokoh, Kuat Dan Menggunakan Material-Material Yang Berkualitas







Spesifikasi Bangunan :



Kamar Tidur 4



Kamar Mandi 3



Luas Tanah 300 M2



Luas Bangunan 300 M2 Full Tingkat



2,5 Lantai



Garasi 1 Mobil



Carport 2 Mobil



Sumber Air : Jetpump



Listrik : 900 Va Bisa Di Naikan 4400 Va



Orientasi : Hadap Selatan



Semi Furnished



Legalitas : Shm + Imb







Fasilitas :



Taman 100 M2 / 1 Pohon Mangga



Kolam Ikan 40 M2



Ruang Keluarga



Ruang Makan



Mini Bar



Teras Depan



Kamar Cuci



Dapur



Balkon 2



Ruang Jemur Lantai 3







Selling Point :



Dekat Ke Pondok Ungu Permai



Dekat Ke Marakash



Dekat Menit Harapan Indah



Dekat Dari Stasiun Bekasi



Dekat Dari Mal Summarecon Bekasi



Dekat Dari Gerbang Tol Bekasi Barat



Dekat Dari Grand Mall, Bcp, Giant Bekasi, Mall Metropolitan



Dekat Dari Alun Bekasi



Dekat Dari Rumah Sakit Mitra Keluarga



Dekat Dari Kantor Pemerintahan







Spesifikasi Konstruksi :



Pondasi : Batu Kali + Selup Bertulang + Ampar Besi Wire Mess



Dinding : Full Bata Merah



Atap : Kayu Kamper Medan + Genteng Kramik



Lantai Ruangan : Granit 60x60cm Dan 100x100cm



Plafon : Gipsum Dan GRC



Kusen : Kamper Samarinda + Engsel Stainless



Cat Dinding : Nippon Wither Bond & Spotless



Gerbang : Galvanis Finishing Coating Fowder



Lampu Full Led







Harga 3,6 M (Nego Tipis)







Cara Bayar :



Cash



Kpr





HUBUNGI : AGUS US

No.Tlpn : 0895-1246-4442

No.Wa  : 0896-7234-7255



Cari Tau Di Link Instagram Dibawah Ini :



https://www.instagram.com/p/CMigJ6jFQ9P/?igshid=5ssgimrmlbvz
                                    "
67,31-03-2021, https://www.rumah123.com/properti/bekasi/hos8103224,485000000,Bekasi,60,36,2,1,0,0,1,0,1300,SHM,Rumah Setia Huni di Mutiara Gading City,"Dijual Rumah Setia Huni di Mutiara Gading City
DI JUAL RUMAH TINGGAL

Setia Asih, Tarumajaya,Bekasi
LT/LB: 60 / 36 - -
KT: 2
KM: 1
Tingkat: 1
Hadap: Utara
Listrik: 1300 watt
Keamanan 24 Jam, Dekat Sekolah, Dekat Rumah Sakit, Dekat Jalan Raya, Dekat Jalan Toll, Dekat Tempat Ibadah, Dekat SPBU, Pusat Bisnis, Ruang Tamu, Ruang Mandi, Gudang, Jalur Angkot, Jogging Track, ad canopy
SHM

HARGA : Rp. 485.000.000

Click and Call.We do it all:
WINPRO88
Angeline
0811 8208 998"
68,31-03-2021,https://www.rumah123.com/properti/bekasi/hos8103175/,850000000,Bekasi,29,72,2,2,0,0,1,0,1300,SHM,Rumah 2 Lantai Hunian Asri di Mutiara Gading City,"Dijual Rumah 2 Lantai Hunian Asri di Mutiara Gading City
DI JUAL RUMAH TINGGAL

Setia Asih, Tarumajaya,Bekasi
LT/LB: 29 / 72 - -
KT: 2
KM: 2
Tingkat: 2
Hadap:
Listrik: 1300 watt
Keamanan 24 Jam, Dekat Sekolah, Dekat Rumah Sakit, Dekat Jalan Raya, Dekat Jalan Toll, Dekat Tempat Ibadah, Dekat SPBU, Pusat Bisnis, Ruang Tamu, Ruang Mandi, Gudang, Bebas Banjir, Dapur Kering, Ruang Keluarga, Jalur Angkot, Jogging Track
SHM

HARGA : Rp. 850.000.000/nego

Click and Call.We do it all:
WINPRO88
Angeline
0811 8208 998"
69,31-03-2021,https://www.rumah123.com/properti/bekasi/hos8103126/,34000000,Bekasi,60,60,2,1,0,0,1,0,,PPJB,Rumah Luas Tanah 60 di Villa Gading Harapan Vgh pintu gerbang barat Kebalen Bekasi,"Di Jual Rumah Luas Tanah 60 di Villa Gading Harapan Vgh pintu gerbang barat Kebalen Bekasi

Siap di pasarkan
Luas tanah 60 m
2KT
1 KM
Ada tempat cuci

Harga 340 jt nett

Rn/nad"
70,31-03-2021,https://www.rumah123.com/properti/bekasi/hos8103138/,448800000,Bekasi,72,36,2,1,0,0,1,0,1300,SHM,Rumah baru Bekasi 5 menit Kantor Kecamatan Setu Bekasi! SHM,"Lagi cari-cari rumah di Bekasi dengan harga yang terjangkau??
Apalagi kalau cari rumah di pinggir jalan?
Pastinya sudah mahal banget ya kan?

Nah rumah yang 1 ini menjadi solusinya
Grand Setu City
Rumah di Bekasi dengan harga sekitar 400-500 jutaan
Bahkan untuk rumah 2 lantai mulai dari 500 jutaan aja!
Wow murah banget kaaann??

Soal rumah jangan khawatir!
Legalitas terjamin! Clear!

Dilengkapi dengan fasilitas umum yang lengkap!!
Ada taman, mushola, dan playground!
Yang bikin kamu dan keluarga betah berlama-lama dirumah!

Gratis custome layout ruangan!
plus kamu sudah dapat langsung!
1. toren
2. jetpump
3. Taman
4. kanopi

Plus sudah SUDAH FREE ALL BIAYA!
Tanpa biaya-biaya lagi!

Lokasi strategis banget hanya :
5 menit Tol Jor
5 menit Kantor Kecamatan Setu Bekasi
15 menit Waterpark
15 menit Pusat Industri MM 2100
10 menit SMPN 1 Setu
15 menit Grand Wisata Cibubur
Yuk langsung calling kami
0851.5863.6623 wa/call
0821.1401.5488 wa/call
#sambut2021#memudahkanmenentramkan#rumahdijualjakarta #rumahdijualdide"
71,31-03-2021,https://www.rumah123.com/properti/bekasi/hos8103102/,450000000,Bekasi,60,60,1,1,0,0,1,0,1300,SHM,Rumah Siap Huni Dekat Tempat Wisata di Mutiara Gading City,"Jual Rumah Siap Huni Dekat Tempat Wisata di Mutiara Gading City
DI JUAL RUMAH TINGGAL

Setia Asih, Tarumajaya,Bekasi
LT/LB: 60 / 60 - -
KT: 1
KM: 1
Tingkat: 1
Hadap:
Listrik: 1300 watt
Keamanan 24 Jam, Dekat Sekolah, Dekat Rumah Sakit, Dekat Jalan Raya, Dekat Jalan Toll, Dekat Tempat Ibadah, Dekat SPBU, Pusat Bisnis, Ruang Tamu, Ruang Mandi, Bebas Banjir, Dapur Kering, Ruang Keluarga, Jalur Angkot, Jogging Track, dekat bank mandiri, taman
SHM

HARGA : Rp. 450.000.000

Click and Call.We do it all:
WINPRO88
Angeline
0811 8208 998"
72,31-03-2021,https://www.rumah123.com/properti/bekasi/hos8103095/,1150000000,Bekasi,105,90,2,1,1,0,1,0,2200,SHM,Rumah Siap Huni Di Pekayon Indah Galaxy Bekasi,"Dijual Rumah Siap Huni Di Pekayon Indah Galaxy Bekasi

Harga 1.150m

Lokasi : komplek pondok pekayon indah bekasi selatan

Spesifikasi Rumah :
Luas Tanah 105
Luas Bangunan 90
Kamar Tidur 2+1
Kamar Mandi 1
Listrik 2200
Air Tanah dan Pam

Sertifikat SHM


Jalanan Luas
Bangunan masih sangat layak
Lokasi Dekat dengan pusat Kota :
+ Mall Grand Galaxy Park
+ RS Omni dan RS Hermina Galaxy
+ Dikelilingi Banyak Sekolahan
+ Kantor Polisi
+ Banyak jajanan Kuliner
+ Tempat Ibadah
+ Giant
+ Kecamatan
+ Kelurahan
+ Puskesmas

Rumah Bersih, Terawat, dan Siap Huni


Info lengkap dan survey hub
April


*tw"
73,31-03-2021,https://www.rumah123.com/properti/bekasi/hos8103064/,675000000,Bekasi,78,78,3,1,0,0,1,0,,PPJB,Rumah Luas Tanah 78 di bintang Metropol Bekasi Utara,"Rumah Luas Tanah 78 di bintang Metropol Bekasi Utara

Luas tanah 78 m
3 Kamar Tidur
1 Kamar Mandi

Harga 675 jt negoo

Rn/nad"
74,31-03-2021,https://www.rumah123.com/properti/bekasi/hos8103025/,769000000,Bekasi,60,53,2,2,0,0,1,0,2200,SHM,"Rumah 2 lantai murah dalam perumahan muslim terbesar Bekasi Kota. Akses jalan lebar dekat tol dan stasiun LRT, KRL. Tidak banjir. Rp 699 Juta","GSH Properti - Mustikasari, Bekasi Timur
(detail BACA CAPTION)

Janji temu dan konsultasi :
Ka Ambar - 0812 1331 8438

SKEMA JUAL BELI SESUAI SYARIAT, TANPA RIBA.
TANPA KPR BANK, TERSEDIA SKEMA CICIL DEVELOPER TENOR MAKSIMAL 10 TH

Bismillaah,
Rumah modern, elegan dan futuristik, mengakomidir kebutuhan keluarga muslim saat ini. Hunian islami dengan lokasi strategis dan akses mudah dijangkau dari/ke Jakarta, Cikarang, Bandung

Harga Normal Cash Rp 769 Jt
Promo Cash Keras Rp 699 Jt
Bonus : Canopy, AC, LED TV (SKB)

Fasilitas :
One gate pos keamanan
CCTV lingkungan
Masjid jami
Rumah tahfidz
Klinik thibbun nabawi
Kajian rutin
Area Komersil
Jogging track taman

Akses :
0 Km Jl. Raya Mustikasari, dilewati angkutan umum
2+ Km ke tol dan st. LRT Bekasi Timur
5+ Km ke terminal st. Bekasi Timur
8+ Km ke tol Jatiasih

Harga belum termasuk biaya dan pajak

GSH Properti - ""Your Trusted Partner in Sharia Property"""
75,31-03-2021,https://www.rumah123.com/properti/bekasi/hos8103059/,385000000,Bekasi,60,47,2,2,0,0,1,0,1300,SHM,Rumah Nyaman di Bekasi Timur Regency,"Dijual rumah di Perumahan Bekasi Timur Regency, dekat pertokoan, dekat minimarket, hadap utara, bangunan 1 lantai, sudah renov"
76,31-03-2021,https://www.rumah123.com/properti/bekasi/hos8102357/,1178000000,Bekasi,91,95,3,3,1,1,1,0,2200,SHM,Rumah 2 Lantai Ready Stok Paling Murah di Kota Bekasi Dekat Tol Jatiwarna,"Cari Rumah dekat Pintu Tol Jatiwarna?
Cari Rumah dekat Pasar Kranggan?
Cari Rumah dijual di Bekasi dekat ke Jakarta?
Cari rumah 2 lantai Ready di Bekasi Kota?
Cari rumah dijual di Bekasi dekat TSM Cibubur?

Berlokasi sangat strategis :
- 2.5 km Gate Tol Jatiwarna
- 2.8 km Giant Supermarket Jatiwarna
- 2.7 km RS Jampurna
- 5 km jalan Alternatif Cibubur
- Dekat sekolah negeri dan swasta
- Dekat kampus Mercu Buana dan Poltekes
- Dekat tempat ibadah

SPESIFIKASI TAMBAHAN :
- Taman belakang
- SHM IMB
- Tembok double bata merah

BONUS PEMBELIAN SENILAI 40 JUTA:
- Kanopi
- Railing tangga
- Railing lt 2
- Railing Balkon
- Water Heater
- AC 1 Unit
- Lampu Taman
- Stainless Torren

KEUNGGULAN:
- Rumah ready stok
- SHM IMB
- Kemanan 24 Jam
- Camera CCTV
- Tersedia Playground
- Area Parkir terbuka utk tamu
- Lebar Jalan Cor 6-7 meter

jangan sampai keduluan Rumah Mewah Paling Murah dikelasnya.

Segera Survey sambil Nego di Lokasi
office : 085240468464

Abu Properti
solusi properti impian and"
77,31-03-2021,https://www.rumah123.com/properti/bekasi/hos8103023/,1800000000,Bekasi,150,100,4,2,0,0,1,0,2200,SHM,"RUMAH HOOK SIAP HUNI DI GRAND GALAXY,BEKASI","Dekat dengan Mall Grand Galaxy Park
* Dekat dengan RS Hermina,,RS Anna,,RS Omni
* Pusat kuliner kuliner Kekinian
* Dekat dengan Tol Becakayu,Tol Bekasi Barat,Tol JORR Jatiasih
* Dekat dengan bank - bank
* Dekat dengan Sport Club
* Dekat dengan Sekolah Nasional dan Internasional
* Dekat dengan Pasar Modern dan Pusat Perbelanjaan"
78,31-03-2021,https://www.rumah123.com/properti/bekasi/hos8103035/,1600000000,Bekasi,66,70,2,2,0,0,1,0,2200,PPJB,Rumah 2lt dicluster burgundy sumbek bekasi,"Dijual rumah 2lt dicluster burgundy sumbek bekasi

Lt 66m
Lb 70m
Kt 2
Km 2
Listrik 2200w
Pam
Surat lg ppjb klo mau balik nama langsung bisa

Harga 1,6m nego

List ysu/irm
Hubungi July 08111556262"
79,31-03-2021,https://www.rumah123.com/properti/bekasi/hos8102974/,1700000000,Bekasi,114,90,2,2,1,1,1,0,,PPJB,Rumah Luas Tanah 114 Di Harapan Indah Cluster Samata Bekasi,"Di Jual Rumah Luas Tanah 114 Di Harapan Indah Cluster Samata Bekasi

Luas Tanah 114
Luas Bangunan 90
Kamar Tidur 2+1
Kamar Mandi 2+1
Harga 1.7m

Rn/nad"
80,31-03-2021,https://www.rumah123.com/properti/bekasi/hos8103022/,700000000,Bekasi,90,70,1,1,0,0,1,0,1300,SHM,Rumah Siap Huni Di Mutiara Gading City Babelan Bekasi,"Dijual Rumah dlm Cluster di Mutiara Gading City (MGC)
Bekasi
(Belakang Harapan Indah)

LT 90 m2
LB +- 70 m
KT 1 (besar)
KM 1
Listrik 1300 Watt
PAM
SHM
Hadap selatan

Harga 700 jt nego tipis
#iing

Hubungi ; Ratna Tin"
81,31-03-2021,https://www.rumah123.com/properti/bekasi/hos8102994/,759000000,Bekasi,63,64,3,2,0,0,1,0,2200,SHM,Cluster Baru Siap Huni Paling Laku Jati Asih Strategis Dkt Jalan Raya,"Cluster baru 2 lantai promo DP 10% dan free biaya di jatiasih bekasi

Luas bangunn 63m2
Luas tanah 62m2 - 87m2
Kamar tidur 2
Kamar mandi 2

Luas bangunan 68m2
Luas tanah 70m2 - 88m2
Kamar tidur 3
Kamar mandi 2
Carpot
Listrik 2.200watt
Dapur

Harga mulai 740jutaan

Selling point
Akses dua mobil
Dekat sekolahan SD SMP SMA
Dekat ke kelurahan jatiluhur
Dekat ke jalan raya"
82,31-03-2021,https://www.rumah123.com/properti/bekasi/hos8102981/,1999000000,Bekasi,280,220,6,2,0,0,1,0,2200,SHM,Rumah Strategis Murah Di Pinggir Jalan Raya Utama di Jakasampurna Kranji Bekasi,"Dijual rumah dekat pinggir jalan raya utama patriot di Jakasampurna,Kranji.

Spesifikasi :

Luas tanah : 280 m2
Luas bangunan : 220 m2
Kamar tidur : 6
Kamar mandi : 2
Listrik : 2200 watt
Carport 1 mobil
Bebas banjir
Akses jalan 2 mobil
SHM,IMB

Selling point :
~ 10 meter ke jalan raya utama
~ Akses jalan 2 mobil
~ 5 menit ke pasar tradisional kranji
~ 10 menit stasiun kranji
~ 10 menit kalimalang

Harga 1,99 M nego owner

meeting point
https://maps.app.goo.gl/HW3QFHvTp4hmogKK9

ftri"
83,31-03-2021,https://www.rumah123.com/properti/bekasi/hos8102991/,585000000,Bekasi,73,36,2,1,0,0,1,0,1300,SHM,lepas cepat rumah minimalis ditaman elok pondok ungu permai Bekasi,"Dijual rumah minimalis 1 lantai di Taman Elok Pondok Ungu Permai Bekasi Utara dengan sistem keamanan 24 jam lokasi dekat dengan Superindo, Pasar dan Tempat Kuliner
Harga nego
Hubungi EMI ERASKY
Yti"
84,31-03-2021,https://www.rumah123.com/properti/bekasi/hos8101407/,888000000,Bekasi,84,72,3,2,0,0,1,0,1300,SHM,Rumah Baru Paling Laku 2 Unit Lagi Jatiluhur Jatiasih Bekasi,"Rumah Baru Paling LAKU Hanya 2 UNIT lagi jatiluhur jatiasih Bekasi


Blok D1 Harga Rp 888.100.000 LT 84/LB 72 ( 2 lt,KT 3, km 2) Indent
Blok D3A Harga Rp 900.840.000 LT 88/LB 74 ( 2 lt,KT 3, km 2) Indent


Cluster 2 lantai free Canopy yang dapat menjadi pilihan sesuai dengan budget anda.Dengan akses tol Jorr Jatiasih dengan lingkungan yang aman dan nyaman


Free Canopy,Toren

Booking fee Rp 5.000.000 ( mengurangi harga )


SPESIFIKASI BANGUNAN
pondasi : batu kali
struktur: beton bertulang
dinding : bata ringan + plaster+ aci
lantai : Granit tile 60X60
Kusen : almunium
pintu : panel jati double teakwood
kaca : clear glas 5mm
Atap : baja ringan+genteng beton
plafon : gipsum
closet : duduk toto,kran, shower
Surat : SHM - IMB
Listrik : 1300 watt
Air : Jet Pump
Carport : 2 mobil


Fasilitas :

Bebas banjir
Bonus Canopy
One gate system
Security 24 jam+ CCTV
Taman


Selling Point :
50 meter ke jalan utama Wibawa Mukti
Pintu Tol Jatiasih
10 menit ke Superindo
20 menit ke RS Karika Husada
10 menit ke Mcd, KFC da"
85,31-03-2021,https://www.rumah123.com/properti/bekasi/hos8101464/,471000000,Bekasi,72,40,2,1,0,0,1,0,1300,HGB,"Cluster minimalis dekat Sumarecon di Kebalen, Bekasi Utara.","Rumah cluster minimalis dekat summarecon di kebalen Bekasi Utara
Ready dan indent dan ruko 2 unit / kios 6 unit komersil

Type 40/72 Rp.471.000.000

*Booking 2,5 jt*
*DP 0%*
*Free biaya biaya*
*PROMO ALL IN HANYA RP.13.5Jt SAMPAI AKAD*
*Free canopy*

*Data berkas bermasalah kolek 1-5 bisa dibantu proses sampai akad*

Spesifikasi
Tersedia LT : 72 m LT 73, 74, 80, 89, 100, 110,
LB : 40 m
Kamar tidur: 2
Kamar mandi: 1
Carport : 1
Listrik : 1300W
bangunan kokoh kualitas terbaik berikut:
- Pondasi Batu kali
- Dinding Hebel
- Rangka atap baja ringan
- lantai granit

Fasilitas terbaik :
- One Gate System Security 24 jam plus CCTV
- Musholla

Selling point:
- Dekat dengan pusat perbelanjaan (ex Giant wisma asri)
- Akses : 15 menit dari stasiun bekasi
- 15 menit ke Harapan Indah
- 10 menit ke summarecon bekasi
- 5 menit Polsek Babelan(sug)

minat, hubungi
Lekha
Hp/wa/tele 082299127215"
86,31-03-2021,https://www.rumah123.com/properti/bekasi/hos8101392/,1320000000,Bekasi,72,90,3,2,0,0,1,0,2200,SHM,Rumah Cluster Minimalis Strategis Dkt Jalan Raya di Jatiwarna Bekasi,"Rumah Cluster Pinggir Jalan Utama Pondok Gede Akses Tol Jatiwarna Jatimurni Pondok Melati Bekasi.

Spesifikasi

SHM + IMB
Luas Bangunan 90
Luas Tanah Mulai 72
Kamar tidur : 3
Kamar mandi : 2
Listrik 2200
Carport 1 mobil
Air Jet pump

Keunggulan:
- One gate System
-5 menit ke tol Jati warna
-20 menit ke Tol Cibubur
- 10 Menit ke Plaza Pondok Gede
- Dekat ke RS Mitra Keluarga Cibubur
- Dekat ke RS Jatirahayu
- 5 Menit Mcd Jatiwarna
- Dekat Lab School Kranggan,Sd Strada Nawar,Sekolah Alam Bekasi,SMA Handayani,SMA Hutama
- Dekat Superindo Ujung Aspal
- Dekat SPBU
-Transportasi Umum
- Bebas Banjir

Harga Mulai 1,32 M"
87,06-04-2021,https://www.rumah.com/listing-properti/dijual-dijual-rumah-bagus-siap-huni-di-jatiasih-bekasi-akses-mudah-dekat-tol-oleh-ira-rahmi-pradani-18438589,800000000,Bekasi,128,64,3,3,0,0,1,0,,SHM,"Dijual Rumah Bagus Siap Huni Di Jatiasih Bekasi, Akses Mudah Dekat Tol","Dijual Rumah Bagus Siap Huni Di Jatiasih Bekasi, Akses Mudah Dekat Tol





Spesifikasi:

Luas tanah 128m2

Luas bangunan 64m2

2,5 lantai

3 kamar tidur

3 kamar mandi

Dapur

Ruang tamu

Carport

Akses mudah dekat dengan pintu tol

15 menit pintu tol jatiwarna

10 menit pintu tol jatiasih

10 menit tol jati bening

10 menit stasiun LRT cikunir 1

Bebas banjir

Dekat pusat kuliner, minimarket, sekolah negeri, kantor kelurahan, aset mumpuni bekasi kota







#rumahmurah #rumahmurahdijatiasih #rumahbagus #rumahbagusdijatiasih 
#rumahdijual #rumahdijualdijatiasih #rumahdijualmurah #rumahdijualcepat 
#rumahsiaphuni #rumahlingkunganasri #rumahcantik #rumahdijatiasih 
#rumahminimalis #rumahbaru #rumahlama #rumahmewah #rumahdalamkomplek 
#rumahbrandnew #rumahlux #rumah #jatiasih #rumahadahalaman #halamanluas 
#kolamrenang #rumahadakolamrenang
                                    "
88,06-04-2021,https://www.rumah.com/listing-properti/dijual-rumah-murah-di-bintara-oleh-diek-prayudi-18204625,375000000,Bekasi,40,80,2,1,0,0,1,0,1300,SHM,Rumah Murah di Bintara,"Rumah 2 lantai SIAP HUNI

Foto dan akses lokasi ada di slide silahkan anda geser geser.



Mohon diperhatikan dengan seksama agar tdk menanyakan yg sudah ada di iklan.Terimakasih.



Rumah dalam PERKAMPUNGAN bukan Komplek.

Spek:

LT 40

LB 80

KT 2

KM 1

Garasi

Pompa Air

1300 watt



Bebas Banjir

Akses 1 Mobil



350jt Cash Keras.

Tidak KPR ya Om/tante

KPR Pribadi 375jt, DP nya 125jt sisanya cicil ke developer 2 thn.



Harga sdh termasuk :

SHM

BPHTB

Notaris



Segera miliki 1 unit lagi

Hubungi Mas Prayudi
                                    "
89,06-04-2021,https://www.rumah.com/listing-properti/dijual-candani-srimaya-summarecon-bekasi-asri-menawan-hati-oleh-herrygo-harsono-16211343,405900000,Bekasi,60,30,2,1,0,0,1,0,1300,Strata,Candani Srimaya Summarecon Bekasi asri menawan hati,"#SRIMAYA RESIDENCE. CLUSTER CANDANI Summarecon Bekasi.

""HUNIA IDEAL KAUM MILENIAL. LINGKUNGAN NYAMAN HARGA MENAWAN"".

Double Gate system.

hubungi herry go di 08568168833



Harga hanya : Rp. 405.900.000

Srimaya Residence merupakan sebuah kawasan hunian terpadu yang asri dan 
modern di Jalan Pangkalan 6, Narogong Raya Bekasi. Persembahan terbaru 
developer ternama PT. Summarecon Agung Tbk.



Cluster CANDAN dijual dengan 2 type rumah yaitu ukuran tanah 6x10 dan 7x10, bangunan 1 lantai, harga dijual mulai 3 jutaan.



Srimaya Residence dapat di akses 30 menit melalui jalan tol Cikampek exit Bekasi Barat dan jalan tol Jagorawi exit Jati Asih.

Kedepannya Srimaya juga bisa mendapatkan akses jauh lebih dekat dengan 
dibangunnya tol penghubung Cimanggis-Cileungsi, dimana akan ada pintu 
exit langsung di jalan Narogong Raya, hanya berjarak sekitar 3KM dari 
Srimaya Residence.

hubungi herry go di 08568168833



Srimaya Residence dengan konsep hunian cluster yang rapi, hijau, aman, 
nyaman dan dengan sistem pengelolaan air mandiri oleh Summarecon 
sendiri. Dengan luas 15 Ha yang jika dimaksimalkan bisa dibangun sekitar
 5 cluster. Srimaya Residence hanya akan dibangun 3 cluster dan sisa 
lahannya untuk fasilitas yang bisa dinikmati oleh penghuni, sebut saja 
danau, taman, arena olahraga, ruang multi fungsi, dll.

hubungi herry go di 08568168833



Tipe Laksmi Basic

LT 60 m2 (6x10), LB 30 m2.

2KT, 1KM. Harga  405.900.000



Tipe Padmarini Deluxe

LT 70 m2 (7x10), LB 38 m2.

2KT, 1KM. Harga 509.300.000



Cara Bayar Srimaya Residence Summarecon 

- Tunai Keras.

- KPR

- Bertahap 24 x.

- KPR DP 15% cicil   8 x

- Bertahap pakai SFK



Hubungi :

Herry Go

HP/ WA  :  08568168833

HP/ WA  :  089655028833

Email      :  herrygo.harsono@gmail.com

Email      :  herrygoharsono@yahoo.com

Ray White Summarecon Bekasi

#1Topagenporoperty

#1Topagensummareconbekasi</
                                    "
90,06-04-2021,https://www.rumah.com/listing-properti/dijual-chihana-vasanta-apartemen-jepang-di-timur-jakarta-oleh-herrygo-harsono-16597490,550000000,Bekasi,,30,1,1,0,0,0,0,1300,Strata,Apartemen Jepang pertama di Timur Jakarta,"Chihana Vasanta Innopark.

Kota Jepang ASLI pertama di Timur Jakarta



MITSUBISHI CORPORATION HAS JOINDED VASANTA INNOPARK



Lokasi  VASANTA INNOPARK SANGAT STRATEGIS

Tepat di Cibitung Interchange, serta di dalam Kawasan Industri MM2100 
(Terbesar se-Asia Tenggara) Interchange ini akan menjadi ""Semanggi baru""
 di Koridor Timur yang menghubungkan ke empat penjuru kawasan,

Utara ke:

            Tanjung Priok, Selatan ke

            Bogor, Timur ke Cikampek    

            dan Jawa, serta Barat ke

            pusat Jakarta.



 CAPTIVE MARKET yg BESAR.

            MITSUBISHI CORPORATION 

            SANGAT YAKIN dapat 

            menghadirkan hunian yang

            berkualitas dan

            sekaligus menjadi pusat

            komunitas bagi ekspatriat

            Jepang
                                    "
91,06-04-2021,https://www.rumah.com/listing-properti/dijual-grand-wisata-celebration-oleh-herrygo-harsono-17743898,956695000,Bekasi,66,65,3,2,0,0,2,0,2200,HGB,Monte Torena Berkelas di Grand Wisata,"Monte Torena Grand Wisata



Hanya Hubungi Herry Go, Anda bisa pergp ke Monte Torena show unit at Grand Wisata Bekasi.



Rumah design modern classic mengusung konsep new normal lifestlye dilokasi paling strategis di Grand Wisata.

Hanya 1 menit ke Living World Mall.



Hadir dengan 2 pilihan ukuran rumah.

LT.66/ LB.65 (6x11m)

 3 KT/ 2 Kmd, 2 Carport, Free Canopy, 2 Carport

Harga  :   Rp. 956.696.000



LT.98/ LB.85 (7x14m)

4+1 KT, 3+1 Kmd, 2 Carport, Free Canopy,

2 Carport

Harga  :  Rp. 1.334.435.000



Harga mulai Rp. 900 jutaan.

Diskon harga perdana utk waktu yg sangat terbatas.



Hanya hubungi Herry Go Anda Akan mendapat Rumah Mewah Bagus di MONTE TORENA.



Herry Go

Ray White Summarecon Bekasi

HP/ WA  :    08568168833

HP/ WA  :   089655028833

E  :  herrygo.harsono@gmail.com

E  :  herrygoharsono@yahoo.com
                                    "
92,06-04-2021,https://www.rumah.com/listing-properti/dijual-di-jual-cepat-rumah-di-aralia-2lantai-oleh-olin-wei-18438694,2200000000,Bekasi,160,225,3,4,1,0,0,2,4400,SHM,"Lingkungan sangat baik. Dekat Sekolah, RS.umum dan pusat belanja.","DI JUAL CEPAT RUMAH DI ARALIA   2LANTAI

LT  160m

LB  225m

KT  3+1

KM  4

PAM 

LISTRIK 4400Watt

GARASI MOBIL 2

SHM

Include  Furniture Kamar Tidur Anak dan Kitchen Set

HARGA 2,2M

LANGSUNG OWNER

#rony A



Hub: Olin Wei      

         0816-1622-336
                                    "
93,06-04-2021,https://www.rumah.com/listing-properti/dijual-maple-rumah-cantik-harga-menarik-di-summarecon-bekasi-oleh-herrygo-harsono-17626869,2590000000,Bekasi,144,155,3,2,1,1,1,0,2200,HGB,Maple Rumah Cantik Harga Menarik Summarecon Bekasi,"Maple Rumah Cantik Harga Menarik Summarecon Bekasi



Anda wajib membeli Rumah MAPLE yang PREMIUM.

Lokasi sangat Strategis. Dekat dengan.....



Ukuran 8x18 m. Premium

3+1 KT. 2+1 Kmd. 

Kusen sudah diganti ALUMINIUM Cantik, bagus

Siap huni tinggal isi.

Beli sekarang juga ya.



Cluster Maple type Premium @Summarecon Bekasi. adalah Cluster yg ASRI di
 Summarecon Bekasi. Dengan model MODERN mInimalis, Maple merupakan rumah
 dengan model yg cantik saat ini. Pembagian ruangan yang ideal bagi 
keluarga Anda. Lingkungan yang bersih, aman, nyaman, asri dengan Club 
House cantik di dalamnya menjadikan Maple sebagai hunian idaman bagi 
Anda. Dekat dengan fasilitas Summarecon Mall Bekasi, Indomart, Alfamart,
  sekolah BPK. Penabur, sekolah Al Azhar, kampus BINUS international, La
 Teraza Food Cullinary, Mc. Donald, Dunkin Donuts, restoran Bakmi 
Gajahmada ABUBA STEAK, Mang Engking, Richeese Factory, Burger King, 
restoran Seribu Rasa, komplek Rukan Graha Boulevard, Rukan Topaz 
Commercial dan fasilitas-fasilitas lengkap lainnya yang akan segera 
dibangun. Ayo miliki sekarang rumah Cluster Maple @Summarecon Bekasi. 



Hubungi  :  Herry Go

Ray White Summarecon Bekasi

HP/ WA  :    08568168833

HP/ WA  :  089655028833

Email      :  herrygo.harsono@gmail.com

Email      :  herrygoharsono@yahoo.com"
94,06-04-2021,https://www.rumah.com/listing-properti/dijual-advani-rumah-cantik-harga-menarik-di-summarecon-emerald-karawan-oleh-herrygo-harsono-17279680,855800000,Bekasi,66,55,2,,0,0,2,0,1300,HGB,Advani Rumah Cantik Harg Menarik di Summarecon Emerald Karawang,"ADVANI Rumah Cantik Harga Menarik.

SUMMARECON EMERALD KARAWANG



PT. SUMMARECON meluncurkan sebuah CLUSTER PERUMAHAN YANG SANGAT PRESTISIUS DI KARAWANG YANG AKAN MENJADIKAN IDOLA TREND BARU.



Cluster Pertama dengan 240 unit.



INVESTASI YANG PASTI SANGAT MENGUNTUNGKAN DAN SUDAH TERBUKTI DARI SUMMARECON.



KELEBIHAN & KEUNGGULAN:

~ TOWNSHIP DEVELOPMENT

~ STRATEGIS DEKAT PUSAT KOTA KARAWANG

~ EXCLUSIVE CLUB HOUSE

~ HARGA PERDANA

~ KEUNTUNGAN INVESTASI YANG MENJANJIKAN



Dilengkapi Thematic Landscape, Jogging track, pedestrian.



Exclusive Club House dengan swimming pool, children play ground dan multi function room (pertama di Karawang)



Hubungi Herry untuk dapat Unit yang Cantiq

Rumah 2 Lantai dengan:



Type AURORA : 6x11m mulai   855  jutaan

Type SERENA : 7x11m mulai   957  jutaan

Type SONATA : 7x13m mulai  1.138 jutaan

Type INFINITY : 8x13m mulai 1.524 jutaan



Cara bayar:

Cash keras

Bertahap 36x

KPR DP 15x cicil 11x



Pastikan ANDA menjadi INVESTOR yang memiliki rumah SUMMARECON EMERALD KARAWANG.

JANGAN SAMPAI KETINGGALAN.



Untuk informasi lengkap harap hubungi Herry



Herry Go Harsono

Ray White Summarecon Bekasi

HP/ WA : 08568168833.

HP/ WA : 089655028833.

Email : herrygo.harsono@gmail.com

Email : ]herrygoharsono@yahoo.com"
95,06-04-2021,https://www.rumah.com/listing-properti/dijual-rumah-syariah-strategis-nempel-grand-galaxy-kota-bekasi-jawa-barat-oleh-edi-sumarno-17530797,680900000,Bekasi,70,40,2,,0,0,1,0,1300,SHM,"Rumah Syariah nempel Grand Galaxy, Bekasi Jawa Barat diskon 275 juta","Mau Rumah Syariah Murah Nempel Grand Galaxy kota Bekasi? Hubungi saya via WA ya..

.

Royal Galaxy Residence 2

.

Setelah sukses dengan perumahan syariah

- Sabrina Azzura di Bantargebang Bekasi Timur

- Arkanza 1 di Jatiasih Bekasi

- Arkanza 2 di Bekasi

- Arkanza 3 di Jatiasih Bekasi

- Royal Galaxy 1

.

Kini developer membangun perumahan syariah nempel grand galaxy kota Bekasi

Royal Galaxy Residence 2

.

Lokasi strategis

1.2 km ke pintu tol becakayu

500 m ke spbu

1.2 km ke pintu tol jatibening

4 km ke metropolitan mall

3 km ke RS Awal Bros

4 km ke pintu tol jatiasih

.

Cakep kan lokasinya

Akses bisa 2 mobil

.

Promo Muharram

Tipe 40/70 Harga normal 890,9 juta

Diskon 200 juta

Jadi hanya 680,9 juta saja utk pembelian cash atau tunai

.

Utk pembelian kredit ada beberapa variasi DP 

.

DP 30% = 267 juta bisa dicicil 12 bulan, angsuran 7,254 juta utk 10 tahun

.

DP 20% = 178,18 juta bisa dicicil 12 bulan, angsuran 8,29 juta utk 10 tahun

.

Total ada 29 unit 

.

Bisa kredit syariah

Angsuran langsung bayar ke developer

flat sampai lunas

Tanpa riba

Tanpa denda bila telat menyicil 

Tanpa sita bila kesulitan membayar angsuran

Tanpa BI Checking

.

Segera dibooking unit terbatas

Perumahan syariah masih sangat jarang yg nempel grand galaxy.

.

Untuk tanya2 silakan hubungi Edi

0812 9938 6564 WA

Terimakasih
                                    "
96,06-04-2021,https://www.rumah.com/listing-properti/dijual-riviera-garden-disewakan-di-kelapa-gading-oleh-herrygo-harsono-17943112,130000000,Bekasi,120,157,4,3,1,1,2,0,2200,HGB,Riviera Garden Summarecon Kelapa Gading,"Riviera Garden Summarecon Kelapa Gading



Rumah Bagus ini disewakan dengan ruangan yang bagus, siap huni karena 
sudah di cat rapi dinding2 nya dan sudah terpasang AC di tiap kamar.

Hubungi Herry Go aja.



Dekat dengan Sekolah, tempat Ibadah, Pasar, Mall Kelapa Gading, Tempat Usaha, Bank, Perkantoran, dll.

Rumah 2 Lantai. Luas Tanah LT.120/ LB.157 m2.

Ada 4+1 KT. 3+1 Kmd. 5 AC sudah Siap

Harga sewa Rp. 130 juta/ tahun Nego

DP. 30 juta



Merupakan tempat tinggal Ideal yang sangat cocok dengan Anda sebagai Suami Istri yang ada putra putrinya.



Hubungi saja Herry Go

Ray White Summarecon Bekasi

HP/WA  :    08568168833

HP/WA  :  089655028833

Email  :  herrygo.harsono@gmail.com

Email  :  herrygoharsono@yahoo.com"
97,06-04-2021,https://www.rumah.com/listing-properti/dijual-toba-lake-villas-asya-oleh-herrygo-harsono-17268625,23000000000,Bekasi,501,510,4,,0,0,2,0,4400,HGB,Toba Lake Villas Asya Lingkungan Eksklusive Fasilitas Premium,"TOBA LAKE VILLAS ASYA



Salah satu perumahan yang kami persiapkan dengan model yang Artistik, 
Bagus, mengagumkan menyerupahi model rumah Jepang yang biasa Anda 
kunjungi di Jepang.

Dengan lingkungan yang tenang, artistik, design luar dan dalam sempurna 
membuat rumah Anda menjadi rumah menampilkan kehidupan yang sangat 
meninggikan kehidupan pribadi diatas keluarga kalangan Atas yang jarang 
dimiliki siapapun juga.

Beli sekarang hubungi Herry untuk mendapatkan rumah bagus TOBA LAKE VILLAS ASYA



Dengan Luas Tanah mulai 501 m2 dan Luas Bangunan 510 m2 yang menampilkan rumah mewah sanggup dimiliki keluarga ideal Anda.



Harga mulai sekitar Rp. 23.000.000.000 an



Hanya Anda yang pertama kali membeli rumah ini dengan modal yang bagus dan kualitas kehidupan yang tiada taranya.

Anda tinggal bayar DP aja untuk memilih nomer Pilihan Anda



Hubungi Herry Go

HP/ WA : 08568168833

HP/ WA : 089655028833

Ray White Summarecon Bekasi

Email : herrygo.harsono@gmail.com

Email : herrygoharsono@yahoo.com
                                    "
98,06-04-2021,https://www.rumah.com/listing-properti/dijual-morizen-kaede-summarecon-bekasi-oleh-herrygo-harsono-17399127,7139000000,Bekasi,266,326,4,4,0,0,3,0,4400,HGB,Morizen Kaede Summarecon Bekasi,"CLUSTER MORIZEN  KAEDE Summarecon Bekasi.

Harga  :  Rp. 7.139.000.000. GF/027.



Terdepan Termewah. Termegah. Masterpiece Terbaru. Unit Terbatas. Ada juga Type sebelahnya yang Lebih KECIL dan Murah

Type GF/017, 019, 021, 023, 025, GF/027.

Luas Tanah KAEDE : 12 X 16 M : 192 M2/ LB. 326 M2



Harga : Rp. 5.645.200.000.



Cluster Morizen Cluster Premium di Kota Summarecon Bekasi.

Anda wajib beli Kualitas Terbaik Rumah di Summarecon Bekasi.



Sebuah Masterpiece Termewah dari Summarecon yang memadukan kesempurnaan 
arsitektur dari Jepang dan suasana alam penuh ketenangan tepi danau yang
 cantik banget dengan filosofi bangsa Jepang akan kehidupan yang 
seimbang.



Ukuran yang tersedia : Yang type PREMIUM



# 12x18,0 m. LT.216 /LB.386 m. Hrg Rp. 6.601.100.000 M

# 9x14,5 m. LT.130,5/LB.177 m. Hrg Rp. 3.418.800.000 M

# 10x14,5 m. LT.145 /LB.208 m. Hrg Rp. 3.922.600.000 M

# 10x16,0 m. LT.160 /LB.244 m. Hrg Rp. 4.482.500.000 M



Prestisius. Tiap Kamar Tidur ada kamar mandi di dalam.

MORIZEN. Hunian bergengsi menciptakan gaya hidup yang penuh ketenangan, 
berkelas, dan keseimbangan dg alam. Dengan taman yg exclusive, 
pemandangan danau yg indah, menjadikan hidup lebih berkualitas.



Segera untuk mendapatkan unit yang sangat-sangat terbatas, harga mulai hanya *Rp 5.645.200* untuk

Rumah 3 Lantai yang sangat berkelas ini.



Dengan pilihan cara bayar yang sangat mudah dan ringan:

- Tunai Keras

- KPR Premium

- Bertahap 12x, 24x, 36x

- DP. 15 % Cicil 20x



Info lengkap hubungi:



Herry Go

HP/ WA : 08568168833.

HP/ WA : 089655028383.

Email : herrygo.harsono@gmail.com

Email : herrygoharsono@yahoo.com

Ray White Summarecon Bekasi"
99,06-04-2021,https://www.rumah.com/listing-properti/dijual-magenta-residence-rumah-nyaman-kekinian-summarecon-bekasi-oleh-herrygo-harsono-17561787,1140700000,Bekasi,55,69,2,2,0,0,1,0,2200,HGB,Magenta Residence Rumah Nyaman Kekinian Summarecon Bekasi,"MAGENTA Residence menyajikan keseimbangan hidup dalam lingkungan yang 
Asri dan nyaman. Area terbuka hijau berupa taman yg dilengkapi fasilitas
 untuk memperbaiki kualitas udara segar sambil menikmati pemandangan. 
Hadirnya danau juga menjadi area relaksasi yang menenangkan jiwa.



MAGENTA Residence.

The ORCHARD - Summarecon Bekasi

Hubungi Herry Go untuk mendaoat yg Terbaik



Jl. Magenta blok RDH/ 057

Ukuran : 5x11m. (Type IRIS).

LT.55/LB.55 : 1.013 jutaan

LT.55/LB.69 : 1.140 jutaan



Ukuran : 6x11m. (Type LILAC).

LT.66/LB.69 : 1.243 jutaan

LT.55/LB.76 : 1.306 jutaan



Ukuran : 7x11m. (Type PLUM).

LT.77/LB.79 : 1.436 jutaan

LT.55/LB.95 : 1.582 jutaan



Tampil dengan design terkini, begitu fresh dengan sentuhan modern, minimalis, namun tetap elegan.



Terus, apa sih yang bikin #ClusterMagenta jadi pilihan tepat buat yang lagi cari hunian ideal?



1) New Architecture Design.

2) Ruang interior yang multifungsi/flexible.

3) Fasilitas yang mewah.

4) Pemandangan danau dan lingkungan yang hijau.

5) Harga mulai di bawah 1 Milyar.



MAGENTA Residence

Rumah Nyaman Kekinian.

Summarecon Bekasi telah menjadi IKON Kawasan Hunian Prestisius yang 
Nyaman dengan Lingkungan asri, pusat komersial terkemuka dengan berbagai
 Fasilitas modern berskala kota, berkonsep SMART CITY DEVELOPMENT 
melalui penyediaan *Jaringan Fiber Optic hy berkecepatan tinggi 
hingga 10 TB/s, penerapan teknologi* 



Hubungi Herry Go

Ray White Summarecon  Bekasi

HP/WA  :  08568168833

HP/WA  :  089655028833

E : herrygo.harsono@gmail.com

E : herrygoharsono@yahoo.com
                                    "
100,06-04-2021,https://www.rumah.com/listing-properti/dijual-cluster-morizen-summarecon-bekasi-oleh-herrygo-harsono-16508183,6601100000,Bekasi,386,216,4,4,0,0,3,0,4400,HGB,Morizen Termewah Masterpiece Prestisius dekat danau,"MORIZEN Termewah Summarecon Bekasi.

Termegah. Masterpiece Terbaik. Unit Terbatas.



Ukuran Terbaik di NARA... PREMIUM.

Ukuran 12 x18 m. LT. 216/ LB. 386 m

Harga  :  Rp. 6.601.100.000. (Kalau Kest Keras)



Cluster Morizen Cluster Premium di Kota Summarecon Bekasi.



Telah HADIR!

Cluster MORIZEN persembahan terbaru SUMMARECON Bekasi dan SUMITOMO Forestry.



Sebuah Masterpiece Termewah dari Summarecon yang memadukan kesempurnaan 
arsitektur dari Jepang dan suasana alam penuh ketenangan tepi danau yang
 cantik banget dengan filosofi bangsa Jepang akan kehidupan yang 
seimbang.



Ukuran yang tersedia :



#   9 x 14,5 m. LT.158,9/LB. 177. Hrg : 3.691 M an

# 10 x 14,5 m. LT. 145/LB. 208.   Hrg : 3.922 M an

# 10 x 16 m.    LT. 160/LB. 259.   Hrg : 4.621 M an

    Ada yg Khusus Hoek :  Rp. 5.364.700.000

    HIIRAGI. 10x16m. LT. 245/ LB. 259



#  12 x 18 m.   LT. 216/LB. 386.   Hrg : 6.601 M an



Prestisius. Tiap Kamar Tidur ada kamar mandi di dalam.

MORIZEN. Hunian bergengsi menciptakan gaya hidup yang penuh ketenangan, 
berkelas, dan keseimbangan dg alam. Dengan taman yg exclusive, 
pemandangan danau yg indah, menjadikan hidup lebih berkualitas.



Segera untuk mendapatkan unit yang sangat-sangat terbatas, harga mulai hanya

*Rp 3.691 M-an* untuk Rumah 3 Lantai yang sangat berkelas ini.



Dengan pilihan cara bayar yang sangat mudah dan ringan:

- Tunai Keras

- Bertahap s/d 36x

- KPR DP 15% cicil 15x



Info lengkap hubungi:



Herry Go

HP/ WA : 08568168833.

HP/ WA : 089655028383.

Email : herrygo.harsono@gmail.com

Email : herrygoharsono@yahoo.com

Ray White Summarecon Bekasi
                                    "